ip	tag
103.30.87.130	7777 Botnet
31.25.24.159	7777 Botnet
47.242.51.181	Ares RAT C2
107.172.31.101	AsyncRAT
158.94.208.206	AsyncRAT
157.20.182.29	AsyncRAT
195.3.223.146	AsyncRAT
157.20.182.25	AsyncRAT
188.218.81.73	AsyncRAT
157.20.182.24	AsyncRAT
191.93.118.254	AsyncRAT
157.20.182.28	AsyncRAT
164.68.120.30	AsyncRAT
94.154.35.73	AsyncRAT
45.81.23.27	AsyncRAT
178.16.54.222	AsyncRAT
95.9.236.210	AsyncRAT
195.66.215.248	AsyncRAT
196.251.100.50	BlackNet Botnet
2.44.116.198	Brute Ratel C4
109.115.89.31	Brute Ratel C4
3.114.19.102	Brute Ratel C4
54.249.141.45	Brute Ratel C4
47.94.22.128	BurpSuite
23.95.6.6	BurpSuite
47.99.34.158	BurpSuite
45.55.2.111	BurpSuite
46.249.102.41	BurpSuite
47.98.224.209	BurpSuite
38.102.85.20	BurpSuite
45.77.76.222	BurpSuite
64.181.235.0	BurpSuite
3.96.187.161	BurpSuite
52.199.82.99	BurpSuite
47.76.163.238	BurpSuite
83.147.241.206	BurpSuite
156.225.24.50	BurpSuite
18.132.177.238	BurpSuite
143.244.186.168	BurpSuite
173.255.192.109	BurpSuite
119.23.43.3	BurpSuite
157.230.107.196	BurpSuite
47.102.108.176	BurpSuite
121.43.238.183	BurpSuite
34.215.155.85	BurpSuite
44.202.35.26	BurpSuite
198.144.179.122	BurpSuite
8.134.18.3	BurpSuite
117.72.217.36	BurpSuite
52.14.64.7	BurpSuite
155.248.230.134	BurpSuite
44.239.165.208	BurpSuite
223.27.46.100	BurpSuite
60.204.231.70	BurpSuite
120.53.124.202	BurpSuite
185.165.169.222	BurpSuite
13.234.18.168	BurpSuite
23.95.240.226	BurpSuite
149.104.0.202	BurpSuite
213.35.111.88	BurpSuite
113.44.91.210	BurpSuite
157.7.114.235	BurpSuite
8.130.107.10	BurpSuite
38.58.57.12	BurpSuite
8.137.62.229	BurpSuite
113.45.177.191	BurpSuite
3.110.153.212	BurpSuite
8.134.147.233	BurpSuite
43.128.107.228	BurpSuite
80.249.147.184	BurpSuite
15.236.205.206	BurpSuite
120.27.241.98	BurpSuite
117.72.62.2	BurpSuite
139.59.138.247	BurpSuite
199.241.1.213	BurpSuite
20.198.10.217	BurpSuite
129.150.34.168	BurpSuite
81.200.146.35	BurpSuite
5.161.72.214	BurpSuite
35.153.59.29	BurpSuite
162.250.190.93	BurpSuite
118.121.45.54	BurpSuite
39.106.41.55	BurpSuite
120.79.88.89	BurpSuite
192.175.22.188	BurpSuite
131.186.57.140	BurpSuite
144.34.179.37	BurpSuite
150.136.136.192	BurpSuite
35.219.127.45	BurpSuite
90.156.225.193	BurpSuite
161.35.24.145	BurpSuite
5.2.72.106	BurpSuite
112.124.47.226	BurpSuite
163.192.60.217	BurpSuite
118.121.45.144	BurpSuite
47.106.179.48	BurpSuite
138.197.194.52	BurpSuite
108.61.81.4	BurpSuite
43.156.102.200	BurpSuite
8.155.52.126	BurpSuite
107.173.154.73	BurpSuite
52.26.240.227	BurpSuite
96.126.108.228	BurpSuite
157.90.74.12	BurpSuite
168.138.208.253	BurpSuite
47.107.127.173	BurpSuite
199.241.1.215	BurpSuite
156.238.233.41	BurpSuite
172.105.73.93	BurpSuite
43.163.233.138	BurpSuite
113.44.133.1	BurpSuite
95.110.142.86	BurpSuite
77.81.247.31	BurpSuite
157.230.21.24	BurpSuite
199.241.1.214	BurpSuite
51.89.84.155	BurpSuite
92.38.48.140	BurpSuite
95.179.211.228	BurpSuite
160.16.4.59	BurpSuite
101.42.49.202	BurpSuite
182.92.159.22	BurpSuite
167.99.116.253	BurpSuite
154.8.205.73	BurpSuite
194.163.189.143	BurpSuite
93.179.115.149	BurpSuite
2604:a880:1:20::264:4001	BurpSuite
154.83.13.187	BurpSuite
120.79.153.55	BurpSuite
43.167.199.62	BurpSuite
54.177.100.78	Caldera C2
18.220.52.24	Caldera C2
117.72.181.104	Cobalt Strike C2
82.157.235.117	Cobalt Strike C2
120.24.169.38	Cobalt Strike C2
151.243.95.233	Cobalt Strike C2
106.13.137.229	Cobalt Strike C2
150.158.170.241	Cobalt Strike C2
206.189.158.172	Cobalt Strike C2
47.120.70.161	Cobalt Strike C2
8.138.112.209	Cobalt Strike C2
123.57.239.178	Cobalt Strike C2
194.87.68.115	Cobalt Strike C2
59.110.28.230	Cobalt Strike C2
101.43.2.116	Cobalt Strike C2
47.107.136.106	Cobalt Strike C2
91.210.109.184	Cobalt Strike C2
39.104.78.25	Cobalt Strike C2
165.154.236.235	Cobalt Strike C2
8.138.120.80	Cobalt Strike C2
8.137.77.215	Cobalt Strike C2
121.43.57.122	Cobalt Strike C2
47.116.208.81	Cobalt Strike C2
47.93.28.103	Cobalt Strike C2
91.86.43.83	Cobalt Strike C2
35.231.121.102	Cobalt Strike C2
34.68.221.226	Cobalt Strike C2
152.32.169.68	Cobalt Strike C2
163.44.196.179	Cobalt Strike C2
8.155.161.181	Cobalt Strike C2
119.3.156.32	Cobalt Strike C2
112.125.88.176	Cobalt Strike C2
108.165.228.132	Cobalt Strike C2
208.87.203.19	Cobalt Strike C2
185.3.45.6	Cobalt Strike C2
124.71.32.19	Cobalt Strike C2
124.221.255.4	Cobalt Strike C2
43.142.137.169	Cobalt Strike C2
110.42.232.120	Cobalt Strike C2
8.137.149.67	Cobalt Strike C2
81.69.98.230	Cobalt Strike C2
115.120.245.134	Cobalt Strike C2
192.140.163.165	Cobalt Strike C2
4.157.249.247	Cobalt Strike C2
143.92.43.153	Cobalt Strike C2
43.153.150.122	Cobalt Strike C2
47.79.19.147	Cobalt Strike C2
119.45.160.160	Cobalt Strike C2
181.215.18.78	Cobalt Strike C2
47.93.216.2	Cobalt Strike C2
208.87.205.1	Cobalt Strike C2
119.45.29.172	Cobalt Strike C2
134.122.140.185	Cobalt Strike C2
81.70.37.146	Cobalt Strike C2
120.24.64.74	Cobalt Strike C2
129.212.185.115	Cobalt Strike C2
18.143.197.178	Cobalt Strike C2
152.32.202.240	Cobalt Strike C2
106.52.208.143	Cobalt Strike C2
159.75.221.127	Cobalt Strike C2
83.229.121.82	Cobalt Strike C2
118.89.81.201	Cobalt Strike C2
120.48.50.33	Cobalt Strike C2
193.112.84.248	Cobalt Strike C2
43.139.169.60	Cobalt Strike C2
178.16.55.53	Cobalt Strike C2
149.30.248.18	Cobalt Strike C2
13.39.18.150	Cobalt Strike C2
101.32.109.112	Cobalt Strike C2
43.134.7.96	Cobalt Strike C2
81.71.159.99	Cobalt Strike C2
101.34.66.77	Cobalt Strike C2
81.70.255.195	Cobalt Strike C2
121.41.18.122	Cobalt Strike C2
202.182.114.60	Cobalt Strike C2
101.132.173.62	Cobalt Strike C2
13.251.28.170	Cobalt Strike C2
106.75.215.96	Cobalt Strike C2
118.31.18.77	Cobalt Strike C2
163.47.9.13	Cobalt Strike C2
118.25.85.198	Cobalt Strike C2
106.54.239.134	Cobalt Strike C2
20.186.68.60	Cobalt Strike C2
20.172.239.49	Cobalt Strike C2
144.124.234.143	Cobalt Strike C2
18.168.199.109	Cobalt Strike C2
117.72.222.203	Cobalt Strike C2
116.62.226.163	Cobalt Strike C2
194.14.217.125	Cobalt Strike C2
47.113.186.138	Cobalt Strike C2
81.70.97.41	Cobalt Strike C2
122.51.93.94	Cobalt Strike C2
39.105.165.37	Cobalt Strike C2
8.153.97.202	Cobalt Strike C2
113.44.67.52	Cobalt Strike C2
123.57.2.124	Cobalt Strike C2
83.229.125.215	Cobalt Strike C2
8.153.205.30	Cobalt Strike C2
154.201.74.112	Cobalt Strike C2
114.132.150.96	Cobalt Strike C2
83.229.125.47	Cobalt Strike C2
106.75.162.108	Cobalt Strike C2
39.107.85.83	Cobalt Strike C2
47.109.201.173	Cobalt Strike C2
129.170.51.231	Cobalt Strike C2
119.91.64.59	Cobalt Strike C2
208.87.205.54	Cobalt Strike C2
117.72.242.9	Cobalt Strike C2
172.167.21.213	Cobalt Strike C2
45.32.37.156	Cobalt Strike C2
49.233.32.31	Cobalt Strike C2
143.92.43.231	Cobalt Strike C2
106.38.201.95	Cobalt Strike C2
179.43.186.214	Cobalt Strike C2
202.162.99.237	Cobalt Strike C2
101.43.166.60	Cobalt Strike C2
47.242.129.79	Cobalt Strike C2
106.75.224.31	Cobalt Strike C2
208.87.203.26	Cobalt Strike C2
165.154.244.73	Cobalt Strike C2
115.190.235.92	Cobalt Strike C2
185.237.166.132	Cobalt Strike C2
185.195.65.55	Cobalt Strike C2
154.219.104.36	Cobalt Strike C2
49.233.204.250	Cobalt Strike C2
43.139.3.86	Cobalt Strike C2
47.90.142.15	Cobalt Strike C2
23.94.232.137	Cobalt Strike C2
36.139.202.127	Cobalt Strike C2
156.227.233.153	Cobalt Strike C2
156.233.233.134	Cobalt Strike C2
103.125.248.109	Cobalt Strike C2
118.31.16.216	Cobalt Strike C2
129.204.103.151	Cobalt Strike C2
42.192.49.146	Cobalt Strike C2
8.137.114.210	Cobalt Strike C2
47.109.48.57	Cobalt Strike C2
47.92.148.108	Cobalt Strike C2
144.124.255.102	Cobalt Strike C2
8.134.55.194	Cobalt Strike C2
83.229.126.183	Cobalt Strike C2
116.230.254.66	Cobalt Strike C2
88.214.50.137	Cobalt Strike C2
107.149.192.54	Cobalt Strike C2
152.32.157.188	Cobalt Strike C2
101.37.100.133	Cobalt Strike C2
180.76.141.175	Cobalt Strike C2
167.179.73.103	Cobalt Strike C2
116.198.233.179	Cobalt Strike C2
101.43.91.156	Cobalt Strike C2
222.255.214.236	Cobalt Strike C2
50.114.113.106	Cobalt Strike C2
146.190.171.156	Cobalt Strike C2
103.171.35.26	Cobalt Strike C2
8.152.99.85	Cobalt Strike C2
154.198.49.6	Cobalt Strike C2
1.15.25.148	Cobalt Strike C2
115.190.160.206	Cobalt Strike C2
68.64.176.42	Cobalt Strike C2
39.105.154.184	Cobalt Strike C2
121.40.18.128	Cobalt Strike C2
188.121.123.185	Cobalt Strike C2
119.45.250.8	Cobalt Strike C2
47.121.135.201	Cobalt Strike C2
38.147.170.119	Cobalt Strike C2
8.138.99.234	Cobalt Strike C2
123.60.60.119	Cobalt Strike C2
47.115.45.206	Cobalt Strike C2
8.213.237.239	Cobalt Strike C2
117.72.184.172	Cobalt Strike C2
38.162.117.244	Cobalt Strike C2
160.250.128.197	Cobalt Strike C2
47.84.116.153	Cobalt Strike C2
77.83.207.217	Cobalt Strike C2
39.105.61.160	Cobalt Strike C2
47.121.136.179	Cobalt Strike C2
43.163.0.162	Cobalt Strike C2
208.87.204.43	Cobalt Strike C2
101.35.109.246	Cobalt Strike C2
47.117.143.185	Cobalt Strike C2
124.221.215.174	Cobalt Strike C2
117.72.206.39	Cobalt Strike C2
47.98.165.119	Cobalt Strike C2
117.72.102.110	Cobalt Strike C2
8.137.161.14	Cobalt Strike C2
40.67.149.122	Cobalt Strike C2
20.74.209.192	Cobalt Strike C2
188.166.178.198	Cobalt Strike C2
47.245.90.197	Cobalt Strike C2
47.243.100.234	Cobalt Strike C2
136.115.102.225	Cobalt Strike C2
138.226.236.42	Cobalt Strike C2
150.187.25.242	Cobalt Strike C2
18.139.83.173	Cobalt Strike C2
150.158.119.242	Cobalt Strike C2
14.225.0.210	Cobalt Strike C2
43.155.252.158	Cobalt Strike C2
8.159.146.72	Cobalt Strike C2
45.115.236.152	Cobalt Strike C2
47.92.90.193	Cobalt Strike C2
38.147.170.204	Cobalt Strike C2
120.79.229.151	Cobalt Strike C2
40.67.146.12	Cobalt Strike C2
8.138.167.123	Cobalt Strike C2
137.220.194.49	Cobalt Strike C2
8.148.5.67	Cobalt Strike C2
47.105.36.109	Cobalt Strike C2
103.164.81.113	Cobalt Strike C2
195.65.41.209	Cobalt Strike C2
45.200.17.43	Cobalt Strike C2
43.138.0.179	Cobalt Strike C2
8.137.77.49	Cobalt Strike C2
173.44.62.141	Cobalt Strike C2
20.51.193.170	Cobalt Strike C2
103.171.35.66	Cobalt Strike C2
8.148.211.47	Cobalt Strike C2
208.87.203.44	Cobalt Strike C2
49.235.84.148	Cobalt Strike C2
172.190.244.213	Cobalt Strike C2
209.97.168.63	Cobalt Strike C2
159.75.201.5	Cobalt Strike C2
8.148.194.157	Cobalt Strike C2
171.244.143.184	Cobalt Strike C2
129.226.212.179	Cobalt Strike C2
49.235.177.231	Cobalt Strike C2
47.92.110.59	Cobalt Strike C2
124.221.240.143	Cobalt Strike C2
93.95.97.102	Cobalt Strike C2
18.171.177.177	Cobalt Strike C2
1.13.175.24	Cobalt Strike C2
106.52.185.141	Cobalt Strike C2
122.51.46.102	Cobalt Strike C2
87.251.67.85	Cobalt Strike C2
213.183.54.229	Cobalt Strike C2
165.154.238.214	Cobalt Strike C2
156.245.248.173	Cobalt Strike C2
39.98.48.153	Cobalt Strike C2
43.255.30.4	Cobalt Strike C2
139.196.126.161	Cobalt Strike C2
103.254.110.182	Cobalt Strike C2
125.227.175.19	Cobalt Strike C2
43.163.112.217	Cobalt Strike C2
118.25.147.157	Cobalt Strike C2
152.32.251.78	Cobalt Strike C2
143.92.43.246	Cobalt Strike C2
114.132.217.187	Cobalt Strike C2
150.158.120.73	Cobalt Strike C2
47.121.137.8	Cobalt Strike C2
115.190.161.178	Cobalt Strike C2
119.29.183.182	Cobalt Strike C2
119.3.159.206	Cobalt Strike C2
42.51.34.56	Cobalt Strike C2
111.228.3.39	Cobalt Strike C2
165.22.48.119	Cobalt Strike C2
39.97.47.45	Cobalt Strike C2
111.228.40.85	Cobalt Strike C2
40.77.86.17	Cobalt Strike C2
8.138.222.215	Cobalt Strike C2
123.207.20.187	Cobalt Strike C2
176.223.112.108	Cobalt Strike C2
211.184.175.246	Cobalt Strike C2
103.241.72.221	Cobalt Strike C2
117.72.199.157	Cobalt Strike C2
155.94.170.180	Cobalt Strike C2
43.161.245.186	Cobalt Strike C2
208.87.204.40	Cobalt Strike C2
111.228.55.96	Cobalt Strike C2
165.154.224.175	Cobalt Strike C2
85.158.108.190	Cobalt Strike C2
124.223.114.203	Cobalt Strike C2
81.70.186.19	Cobalt Strike C2
41.216.189.46	Cobalt Strike C2
47.86.7.10	Cobalt Strike C2
111.92.243.97	Cobalt Strike C2
77.83.207.218	Cobalt Strike C2
47.79.88.143	Cobalt Strike C2
217.138.215.82	Cobalt Strike C2
208.87.204.7	Cobalt Strike C2
38.54.23.179	Cobalt Strike C2
120.48.43.140	Cobalt Strike C2
47.109.145.121	Cobalt Strike C2
47.243.175.24	Cobalt Strike C2
66.42.33.181	Cobalt Strike C2
110.40.176.194	Cobalt Strike C2
47.121.130.60	Cobalt Strike C2
47.97.113.42	Cobalt Strike C2
43.143.97.172	Cobalt Strike C2
49.232.40.212	Cobalt Strike C2
208.87.203.61	Cobalt Strike C2
156.238.249.5	Cobalt Strike C2
8.147.128.54	Cobalt Strike C2
34.203.199.106	Cobalt Strike C2
107.149.163.137	Cobalt Strike C2
15.228.3.86	Cobalt Strike C2
5.182.210.126	Cobalt Strike C2
154.201.68.228	Cobalt Strike C2
68.64.177.221	Cobalt Strike C2
124.221.32.87	Cobalt Strike C2
36.111.166.231	Cobalt Strike C2
154.193.244.146	Cobalt Strike C2
47.96.75.57	Cobalt Strike C2
8.134.167.150	Cobalt Strike C2
45.204.216.24	Cobalt Strike C2
172.245.215.43	Cobalt Strike C2
143.198.52.197	Cobalt Strike C2
156.238.233.21	Cobalt Strike C2
34.19.22.113	Cobalt Strike C2
216.126.227.140	Covenant C2
144.91.125.213	Covenant C2
155.94.144.226	Covenant C2
89.58.30.49	Covenant C2
159.223.201.35	Covenant C2
185.137.92.3	Covenant C2
77.199.95.201	DarkComet Trojan
213.155.195.70	DarkComet Trojan
198.135.48.134	DarkComet Trojan
89.138.65.183	DarkComet Trojan
93.183.124.59	DarkComet Trojan
87.126.82.122	DarkComet Trojan
88.247.35.166	DarkComet Trojan
38.19.198.245	DarkComet Trojan
88.201.153.72	DarkComet Trojan
154.94.19.243	DarkComet Trojan
220.70.92.31	DarkComet Trojan
23.237.106.62	DcRAT
46.246.86.10	DcRAT
69.167.10.146	DcRAT
213.142.156.21	DcRAT
160.187.146.97	DcRAT
176.97.78.111	Deimos C2
213.179.32.9	Gh0st RAT Trojan
92.34.34.196	Gh0st RAT Trojan
88.129.241.65	Gh0st RAT Trojan
94.191.187.105	Gh0st RAT Trojan
123.57.128.13	Gh0st RAT Trojan
92.34.35.119	Gh0st RAT Trojan
149.210.44.219	Gh0st RAT Trojan
35.227.245.87	GoPhish
185.67.144.27	GoPhish
20.104.78.25	GoPhish
167.71.237.184	GoPhish
206.189.116.120	GoPhish
190.110.41.114	GoPhish
101.251.176.126	GoPhish
157.90.228.223	GoPhish
39.103.98.20	GoPhish
52.87.131.126	GoPhish
120.25.123.213	GoPhish
202.37.152.179	GoPhish
61.28.236.114	GoPhish
98.130.133.65	GoPhish
136.228.40.23	GoPhish
47.238.237.1	GoPhish
104.47.145.108	GoPhish
3.82.152.138	GoPhish
139.59.99.99	GoPhish
164.92.132.92	GoPhish
164.92.223.34	GoPhish
99.79.9.18	GoPhish
13.36.37.253	GoPhish
2.32.103.166	GoPhish
35.226.115.235	GoPhish
185.68.11.29	GoPhish
54.90.250.174	GoPhish
4.185.64.81	GoPhish
20.213.217.227	GoPhish
5.189.175.162	GoPhish
8.217.3.44	GoPhish
107.174.241.152	GoPhish
195.77.79.162	GoPhish
172.105.41.51	GoPhish
4.201.140.200	GoPhish
4.201.122.3	GoPhish
47.94.193.73	GoPhish
134.209.171.89	GoPhish
222.118.241.116	GoPhish
159.89.167.49	GoPhish
31.56.60.104	GoPhish
89.116.30.81	GoPhish
57.130.17.92	GoPhish
140.82.54.173	GoPhish
144.91.90.232	GoPhish
3.212.215.46	GoPhish
34.132.98.183	GoPhish
161.132.54.23	GoPhish
218.104.52.188	GoPhish
34.101.80.31	GoPhish
72.56.76.143	GoPhish
196.216.245.252	GoPhish
87.65.108.118	GoPhish
139.162.185.94	GoPhish
40.114.83.155	GoPhish
162.19.92.7	GoPhish
159.65.80.200	GoPhish
206.189.189.202	GoPhish
48.217.21.253	GoPhish
152.53.130.64	GoPhish
123.56.92.251	GoPhish
5.78.86.64	GoPhish
144.22.192.165	GoPhish
138.199.217.30	GoPhish
163.47.9.13	GoPhish
34.200.246.16	GoPhish
51.38.226.104	GoPhish
54.196.78.167	GoPhish
196.249.195.58	GoPhish
159.198.36.84	GoPhish
196.249.195.47	GoPhish
44.208.115.145	GoPhish
121.36.195.178	GoPhish
64.227.178.226	GoPhish
121.224.7.169	GoPhish
103.125.88.117	GoPhish
134.209.223.203	GoPhish
35.219.80.69	GoPhish
81.88.26.239	GoPhish
112.74.48.245	GoPhish
129.151.252.237	GoPhish
172.236.137.60	GoPhish
35.192.187.146	GoPhish
194.147.34.171	GoPhish
74.225.248.130	GoPhish
34.9.31.28	GoPhish
37.205.13.125	GoPhish
35.224.159.59	GoPhish
54.161.165.7	GoPhish
94.46.171.220	GoPhish
89.169.131.254	GoPhish
34.68.246.7	GoPhish
147.182.156.86	GoPhish
168.138.228.68	GoPhish
108.141.125.190	GoPhish
20.157.223.57	GoPhish
45.12.70.91	GoPhish
136.144.165.159	GoPhish
46.101.21.16	GoPhish
149.202.73.215	GoPhish
223.76.218.109	GoPhish
144.22.207.61	GoPhish
15.184.212.216	GoPhish
72.11.151.27	GoPhish
159.203.72.93	GoPhish
170.239.86.232	GoPhish
34.29.87.80	GoPhish
170.239.86.183	GoPhish
47.121.28.203	GoPhish
31.57.228.83	GoPhish
45.226.189.70	GoPhish
64.227.168.224	GoPhish
198.13.47.54	GoPhish
4.153.5.136	GoPhish
44.219.215.74	GoPhish
103.43.130.54	GoPhish
47.120.38.173	GoPhish
65.109.12.247	GoPhish
146.190.159.168	GoPhish
170.64.208.80	GoPhish
38.56.209.142	GoPhish
47.113.145.18	GoPhish
200.155.28.217	GoPhish
203.121.62.7	GoPhish
167.234.226.89	GoPhish
106.12.15.187	GoPhish
164.92.214.84	GoPhish
4.185.79.65	GoPhish
20.0.202.73	GoPhish
212.64.195.38	GoPhish
46.237.40.128	GoPhish
129.212.168.86	GoPhish
87.106.64.174	GoPhish
159.89.9.188	GoPhish
34.38.195.43	GoPhish
34.67.76.233	GoPhish
186.177.71.142	GoPhish
169.239.105.7	GoPhish
139.59.44.192	GoPhish
145.131.30.136	GoPhish
34.18.165.179	GoPhish
34.46.0.79	GoPhish
51.12.243.123	GoPhish
43.205.254.16	GoPhish
138.197.168.34	GoPhish
42.193.219.158	GoPhish
202.60.229.162	GoPhish
223.76.218.105	GoPhish
163.7.16.211	GoPhish
103.148.110.43	GoPhish
190.119.63.144	GoPhish
139.144.176.85	GoPhish
77.51.219.187	GoPhish
52.91.89.36	GoPhish
157.10.253.253	GoPhish
95.70.179.34	GoPhish
79.98.9.72	GoPhish
190.119.16.140	GoPhish
172.255.232.146	GoPhish
52.233.86.40	GoPhish
34.88.127.216	GoPhish
34.46.180.128	GoPhish
34.123.246.69	GoPhish
34.120.113.25	GoPhish
37.148.212.55	GoPhish
82.165.110.142	GoPhish
74.249.119.149	GoPhish
107.175.53.109	GoPhish
165.227.165.47	GoPhish
165.232.118.106	GoPhish
34.78.164.194	GoPhish
41.231.122.52	GoPhish
83.173.113.66	GoPhish
69.5.16.74	GoPhish
202.151.177.221	GoPhish
202.10.45.245	GoPhish
100.27.54.177	GoPhish
13.158.228.105	GoPhish
51.79.8.122	GoPhish
59.127.36.79	GoPhish
216.126.227.24	GoPhish
159.203.48.34	GoPhish
3.224.255.123	GoPhish
77.222.37.207	GoPhish
176.96.131.76	GoPhish
83.228.218.74	GoPhish
206.189.19.79	GoPhish
185.145.148.80	GoPhish
31.131.30.57	GoPhish
217.154.68.152	GoPhish
48.209.82.226	GoPhish
172.234.198.96	GoPhish
136.144.176.243	GoPhish
13.61.151.165	GoPhish
159.65.114.244	GoPhish
20.79.52.198	GoPhish
103.169.3.162	GoPhish
117.190.245.135	GoPhish
54.177.158.57	GoPhish
81.90.226.110	GoPhish
152.67.212.185	GoPhish
34.159.98.118	GoPhish
202.151.176.128	GoPhish
185.22.196.133	GoPhish
141.148.208.171	GoPhish
8.134.68.15	GoPhish
47.245.60.33	GoPhish
129.213.166.220	GoPhish
45.79.2.86	GoPhish
62.84.190.38	GoPhish
104.248.105.64	GoPhish
99.79.172.196	Hak5 Cloud C2
24.105.180.14	Hak5 Cloud C2
54.185.235.168	Hak5 Cloud C2
24.9.117.208	Hak5 Cloud C2
54.37.226.76	Hak5 Cloud C2
54.80.190.97	Hak5 Cloud C2
18.195.227.45	Hak5 Cloud C2
92.63.163.8	Hak5 Cloud C2
13.58.42.201	Hak5 Cloud C2
213.161.176.93	Hak5 Cloud C2
18.233.73.116	Hak5 Cloud C2
212.34.136.14	Hak5 Cloud C2
20.234.166.219	Hak5 Cloud C2
13.93.233.43	Hak5 Cloud C2
13.37.135.154	Hak5 Cloud C2
51.195.148.62	Hak5 Cloud C2
74.50.89.212	Hak5 Cloud C2
143.198.155.71	Hak5 Cloud C2
104.248.139.111	Hak5 Cloud C2
152.53.131.80	Hak5 Cloud C2
3.15.211.77	Hak5 Cloud C2
54.190.92.4	Hak5 Cloud C2
194.87.161.238	Hak5 Cloud C2
84.247.13.17	Hak5 Cloud C2
5.1.100.217	Hak5 Cloud C2
95.82.0.207	Hak5 Cloud C2
212.227.181.41	Hak5 Cloud C2
85.219.209.133	Hak5 Cloud C2
165.22.37.191	Hak5 Cloud C2
54.167.65.206	Hak5 Cloud C2
217.25.221.221	Hak5 Cloud C2
152.67.58.223	Hak5 Cloud C2
34.72.114.209	Hak5 Cloud C2
213.109.162.38	Hak5 Cloud C2
18.216.133.250	Hak5 Cloud C2
54.90.152.55	Hak5 Cloud C2
72.23.229.75	Hak5 Cloud C2
3.104.135.43	Hak5 Cloud C2
184.15.64.194	Hak5 Cloud C2
23.21.105.248	Hak5 Cloud C2
18.220.193.242	Hak5 Cloud C2
164.132.50.235	Hak5 Cloud C2
3.10.70.226	Hak5 Cloud C2
50.116.33.70	Hak5 Cloud C2
45.77.200.160	Hak5 Cloud C2
161.97.140.46	Hak5 Cloud C2
164.92.221.59	Hak5 Cloud C2
94.185.79.214	Hak5 Cloud C2
8.213.18.119	Hak5 Cloud C2
174.138.33.113	Hak5 Cloud C2
157.230.118.220	Hak5 Cloud C2
15.161.176.25	Hak5 Cloud C2
85.215.180.194	Hak5 Cloud C2
176.97.114.244	Hak5 Cloud C2
67.205.158.194	Hak5 Cloud C2
192.3.187.89	Hak5 Cloud C2
71.131.51.37	Hak5 Cloud C2
172.233.151.229	Hak5 Cloud C2
104.234.25.18	Hak5 Cloud C2
31.220.92.21	Hak5 Cloud C2
52.44.29.15	Hak5 Cloud C2
128.65.199.205	Hak5 Cloud C2
18.170.246.72	Hak5 Cloud C2
188.155.209.163	Hak5 Cloud C2
151.80.57.49	Hak5 Cloud C2
34.205.200.160	Hak5 Cloud C2
54.146.236.153	Hak5 Cloud C2
44.233.34.245	Hak5 Cloud C2
54.71.126.189	Hak5 Cloud C2
68.183.156.215	Hak5 Cloud C2
85.90.244.171	Hak5 Cloud C2
51.68.220.158	Hak5 Cloud C2
138.2.136.23	Hak5 Cloud C2
35.179.73.255	Hak5 Cloud C2
142.93.199.234	Hak5 Cloud C2
45.9.63.19	Hak5 Cloud C2
192.227.249.141	Hak5 Cloud C2
165.227.223.105	Hak5 Cloud C2
74.208.201.158	Hak5 Cloud C2
46.224.40.91	Hak5 Cloud C2
162.83.132.117	Hak5 Cloud C2
172.105.26.151	Hak5 Cloud C2
149.28.209.56	Hak5 Cloud C2
178.119.110.103	Hak5 Cloud C2
3.224.110.21	Hak5 Cloud C2
208.72.84.151	Hak5 Cloud C2
44.229.216.182	Hak5 Cloud C2
35.166.57.84	Hak5 Cloud C2
167.172.122.8	Hak5 Cloud C2
87.106.203.84	Hak5 Cloud C2
44.207.242.127	Hak5 Cloud C2
3.10.24.207	Hak5 Cloud C2
95.179.152.61	Hak5 Cloud C2
176.78.175.137	Hak5 Cloud C2
85.215.125.206	Hak5 Cloud C2
52.54.42.29	Hak5 Cloud C2
165.227.41.66	Hak5 Cloud C2
3.226.119.211	Hak5 Cloud C2
8.213.35.190	Hak5 Cloud C2
3.143.175.125	Hak5 Cloud C2
83.135.117.198	Hak5 Cloud C2
23.254.215.118	Havoc C2
130.61.47.176	Havoc C2
194.69.162.205	Havoc C2
34.209.232.97	Havoc C2
167.86.110.155	Havoc C2
154.37.155.252	Havoc C2
69.5.189.9	Havoc C2
159.203.143.205	Havoc C2
115.175.29.42	Havoc C2
51.81.171.234	Havoc C2
34.219.200.70	Havoc C2
161.35.239.147	Havoc C2
52.59.255.232	Havoc C2
188.166.156.56	Havoc C2
45.150.128.160	Havoc C2
167.114.113.96	Havoc C2
185.196.10.199	Havoc C2
138.197.32.49	Havoc C2
201.92.133.149	Havoc C2
44.244.204.235	Havoc C2
177.124.72.24	Havoc C2
47.83.134.97	Havoc C2
20.188.119.195	Havoc C2
89.117.2.138	Havoc C2
185.43.207.58	Havoc C2
217.154.162.45	Havoc C2
45.76.104.112	Havoc C2
164.92.79.49	Havoc C2
45.55.123.49	Havoc C2
144.124.243.208	Havoc C2
185.208.159.162	Havoc C2
5.182.33.151	Havoc C2
3.109.153.237	Havoc C2
62.60.177.94	Havoc C2
40.66.42.246	Havoc C2
161.35.176.231	Havoc C2
94.183.168.33	Hookbot
78.47.226.37	Hookbot
156.238.243.16	Hookbot
178.16.52.64	Hookbot
3.128.201.250	Metasploit Framework C2
13.208.74.238	Metasploit Framework C2
209.10.188.204	Metasploit Framework C2
54.233.214.44	Metasploit Framework C2
18.101.236.104	Metasploit Framework C2
16.112.18.195	Metasploit Framework C2
47.128.217.255	Metasploit Framework C2
64.255.203.222	Metasploit Framework C2
139.144.78.41	Metasploit Framework C2
54.37.227.35	Metasploit Framework C2
18.163.196.103	Metasploit Framework C2
124.223.33.239	Metasploit Framework C2
38.55.193.188	Metasploit Framework C2
15.152.37.203	Metasploit Framework C2
158.252.32.22	Metasploit Framework C2
16.51.93.197	Metasploit Framework C2
89.58.40.80	Metasploit Framework C2
13.230.192.201	Metasploit Framework C2
35.182.126.131	Metasploit Framework C2
43.203.205.207	Metasploit Framework C2
146.190.51.91	Metasploit Framework C2
13.208.207.162	Metasploit Framework C2
212.92.23.152	Metasploit Framework C2
208.85.17.127	Metasploit Framework C2
13.201.121.45	Metasploit Framework C2
3.71.111.151	Metasploit Framework C2
144.126.130.139	Metasploit Framework C2
51.118.66.171	Metasploit Framework C2
43.201.50.34	Metasploit Framework C2
18.230.122.31	Metasploit Framework C2
3.29.129.63	Metasploit Framework C2
199.101.111.73	Metasploit Framework C2
52.188.13.228	Metasploit Framework C2
51.96.101.149	Metasploit Framework C2
43.198.248.18	Metasploit Framework C2
3.249.110.142	Metasploit Framework C2
202.154.57.243	Metasploit Framework C2
3.76.223.194	Metasploit Framework C2
43.205.139.181	Metasploit Framework C2
52.47.164.164	Metasploit Framework C2
35.159.40.10	Metasploit Framework C2
18.237.74.67	Metasploit Framework C2
52.3.8.179	Metasploit Framework C2
18.228.44.157	Metasploit Framework C2
13.115.67.248	Metasploit Framework C2
51.48.115.119	Metasploit Framework C2
51.92.201.81	Metasploit Framework C2
88.99.214.170	Metasploit Framework C2
16.26.54.153	Metasploit Framework C2
35.183.87.157	Metasploit Framework C2
54.254.214.82	Metasploit Framework C2
37.122.150.150	Metasploit Framework C2
15.161.185.2	Metasploit Framework C2
18.230.20.236	Metasploit Framework C2
40.172.234.225	Metasploit Framework C2
18.183.120.174	Metasploit Framework C2
103.177.47.188	Metasploit Framework C2
54.204.121.178	Metasploit Framework C2
13.51.167.176	Metasploit Framework C2
217.114.222.10	Metasploit Framework C2
16.24.205.79	Metasploit Framework C2
52.78.136.55	Metasploit Framework C2
35.180.127.124	Metasploit Framework C2
13.56.252.189	Metasploit Framework C2
103.152.3.136	Metasploit Framework C2
3.28.131.57	Metasploit Framework C2
18.179.12.21	Metasploit Framework C2
3.147.42.86	Metasploit Framework C2
54.213.75.53	Metasploit Framework C2
16.79.135.22	Metasploit Framework C2
51.118.63.147	Metasploit Framework C2
168.245.203.69	Metasploit Framework C2
77.92.95.144	Metasploit Framework C2
107.172.209.203	Metasploit Framework C2
221.214.111.106	Metasploit Framework C2
15.237.51.146	Metasploit Framework C2
16.26.231.121	Metasploit Framework C2
57.180.242.206	Metasploit Framework C2
3.70.167.138	Metasploit Framework C2
54.199.0.202	Metasploit Framework C2
54.229.238.165	Metasploit Framework C2
13.208.164.140	Metasploit Framework C2
15.152.54.1	Metasploit Framework C2
35.94.174.57	Metasploit Framework C2
168.245.203.144	Metasploit Framework C2
146.59.199.61	Metasploit Framework C2
218.29.158.91	Metasploit Framework C2
103.53.171.25	Metasploit Framework C2
43.202.1.84	Metasploit Framework C2
174.79.173.253	Metasploit Framework C2
16.51.68.218	Metasploit Framework C2
3.101.88.52	Metasploit Framework C2
45.126.134.37	Metasploit Framework C2
35.220.137.90	Metasploit Framework C2
54.226.9.14	Metasploit Framework C2
3.29.230.70	Metasploit Framework C2
103.108.41.90	Metasploit Framework C2
16.162.89.133	Metasploit Framework C2
88.99.213.30	Metasploit Framework C2
109.248.6.246	Metasploit Framework C2
54.191.157.4	Metasploit Framework C2
162.55.91.224	Metasploit Framework C2
38.170.200.82	Metasploit Framework C2
62.171.177.140	Metasploit Framework C2
13.38.30.220	Metasploit Framework C2
108.136.243.50	Metasploit Framework C2
185.156.73.99	Metasploit Framework C2
3.253.117.56	Metasploit Framework C2
45.79.207.53	Metasploit Framework C2
18.171.181.146	Metasploit Framework C2
51.44.222.60	Metasploit Framework C2
16.24.67.227	Metasploit Framework C2
83.243.64.180	Metasploit Framework C2
104.168.133.116	Metasploit Framework C2
216.250.125.45	Metasploit Framework C2
13.212.248.223	Metasploit Framework C2
103.152.3.177	Metasploit Framework C2
51.92.196.114	Metasploit Framework C2
13.57.198.142	Metasploit Framework C2
115.29.241.139	Metasploit Framework C2
16.78.253.34	Metasploit Framework C2
102.132.233.218	Metasploit Framework C2
167.172.145.51	Metasploit Framework C2
3.95.63.150	Metasploit Framework C2
77.92.95.127	Metasploit Framework C2
18.182.13.28	Metasploit Framework C2
3.107.32.200	Metasploit Framework C2
13.208.166.30	Metasploit Framework C2
13.208.242.205	Metasploit Framework C2
65.1.109.42	Metasploit Framework C2
18.60.105.109	Metasploit Framework C2
43.199.143.213	Metasploit Framework C2
104.131.46.55	Metasploit Framework C2
172.81.134.129	Metasploit Framework C2
157.175.170.167	Metasploit Framework C2
35.178.201.53	Metasploit Framework C2
18.135.102.15	Metasploit Framework C2
18.162.97.169	Metasploit Framework C2
51.118.30.210	Metasploit Framework C2
74.175.81.231	Metasploit Framework C2
15.161.217.39	Metasploit Framework C2
43.218.136.157	Metasploit Framework C2
13.61.144.162	Metasploit Framework C2
65.0.133.19	Metasploit Framework C2
18.188.27.198	Metasploit Framework C2
16.78.22.169	Metasploit Framework C2
15.160.130.202	Metasploit Framework C2
45.134.26.123	Metasploit Framework C2
3.29.139.152	Metasploit Framework C2
103.143.231.153	Metasploit Framework C2
103.177.47.237	Metasploit Framework C2
52.53.200.139	Metasploit Framework C2
91.191.209.94	Metasploit Framework C2
51.96.136.178	Metasploit Framework C2
202.112.238.106	Metasploit Framework C2
18.163.206.41	Metasploit Framework C2
15.237.37.148	Metasploit Framework C2
3.15.223.93	Metasploit Framework C2
51.85.56.232	Metasploit Framework C2
3.107.243.168	Metasploit Framework C2
16.26.193.115	Metasploit Framework C2
54.94.32.158	Metasploit Framework C2
54.178.112.159	Metasploit Framework C2
161.35.177.190	Metasploit Framework C2
193.32.162.64	Metasploit Framework C2
35.152.180.81	Metasploit Framework C2
16.78.223.60	Metasploit Framework C2
103.152.3.221	Metasploit Framework C2
3.112.45.224	Metasploit Framework C2
170.231.155.101	Metasploit Framework C2
54.201.112.52	Metasploit Framework C2
18.231.9.143	Metasploit Framework C2
51.96.97.175	Metasploit Framework C2
104.219.232.178	Metasploit Framework C2
16.50.158.208	Metasploit Framework C2
16.176.150.82	Metasploit Framework C2
158.252.83.111	Metasploit Framework C2
13.247.180.194	Metasploit Framework C2
18.143.165.238	Metasploit Framework C2
62.171.177.142	Metasploit Framework C2
112.74.127.232	Metasploit Framework C2
16.62.240.71	Metasploit Framework C2
16.50.214.158	Metasploit Framework C2
99.79.62.130	Metasploit Framework C2
16.112.4.67	Metasploit Framework C2
18.157.164.231	Metasploit Framework C2
103.204.194.6	Metasploit Framework C2
16.78.107.235	Metasploit Framework C2
16.112.68.126	Metasploit Framework C2
16.112.12.254	Metasploit Framework C2
3.8.139.30	Metasploit Framework C2
192.52.166.48	Metasploit Framework C2
103.152.3.43	Metasploit Framework C2
109.172.90.162	Metasploit Framework C2
158.69.214.175	Metasploit Framework C2
43.218.124.125	Metasploit Framework C2
56.155.117.37	Metasploit Framework C2
3.148.209.199	Metasploit Framework C2
185.156.73.148	Metasploit Framework C2
103.152.3.216	Metasploit Framework C2
103.177.47.58	Metasploit Framework C2
16.112.118.77	Metasploit Framework C2
54.67.54.239	Metasploit Framework C2
66.85.173.48	Metasploit Framework C2
43.202.37.112	Metasploit Framework C2
159.223.29.112	Metasploit Framework C2
65.2.148.247	Metasploit Framework C2
199.101.111.96	Metasploit Framework C2
16.26.221.42	Metasploit Framework C2
3.29.62.210	Metasploit Framework C2
45.138.50.124	Metasploit Framework C2
3.8.48.244	Metasploit Framework C2
13.247.186.76	Metasploit Framework C2
52.31.187.227	Metasploit Framework C2
77.92.95.143	Metasploit Framework C2
51.16.55.73	Metasploit Framework C2
34.228.13.51	Metasploit Framework C2
3.35.141.166	Metasploit Framework C2
37.187.20.127	Metasploit Framework C2
18.201.143.216	Metasploit Framework C2
3.71.92.99	Metasploit Framework C2
108.136.249.19	Metasploit Framework C2
3.147.73.209	Metasploit Framework C2
13.245.111.171	Metasploit Framework C2
167.99.210.92	Metasploit Framework C2
199.101.111.167	Metasploit Framework C2
18.143.173.102	Metasploit Framework C2
193.29.56.122	Metasploit Framework C2
217.114.222.12	Metasploit Framework C2
56.155.106.149	Metasploit Framework C2
3.8.156.3	Metasploit Framework C2
13.232.36.88	Metasploit Framework C2
16.147.11.175	Metasploit Framework C2
13.229.57.8	Metasploit Framework C2
3.9.19.168	Metasploit Framework C2
89.111.133.213	Metasploit Framework C2
51.16.56.118	Metasploit Framework C2
16.51.68.20	Metasploit Framework C2
35.180.210.32	Metasploit Framework C2
83.217.208.86	Metasploit Framework C2
144.91.86.133	Metasploit Framework C2
138.197.18.115	Metasploit Framework C2
54.72.110.2	Metasploit Framework C2
54.167.98.66	Metasploit Framework C2
13.208.182.144	Metasploit Framework C2
120.136.24.164	Metasploit Framework C2
51.96.25.194	Metasploit Framework C2
54.249.15.159	Metasploit Framework C2
51.112.47.40	Metasploit Framework C2
54.154.252.149	Metasploit Framework C2
89.58.9.56	Metasploit Framework C2
51.92.201.146	Metasploit Framework C2
54.74.104.194	Metasploit Framework C2
35.152.180.117	Metasploit Framework C2
54.193.113.105	Metasploit Framework C2
3.133.122.184	Metasploit Framework C2
157.175.152.244	Metasploit Framework C2
43.198.152.2	Metasploit Framework C2
185.39.19.247	Metasploit Framework C2
18.143.170.39	Metasploit Framework C2
16.78.104.244	Metasploit Framework C2
52.79.177.110	Metasploit Framework C2
104.237.240.112	Metasploit Framework C2
54.183.217.24	Metasploit Framework C2
49.232.236.39	Metasploit Framework C2
188.214.128.130	Metasploit Framework C2
155.93.211.210	Metasploit Framework C2
51.84.240.167	Metasploit Framework C2
35.178.10.154	Metasploit Framework C2
35.183.245.72	Metasploit Framework C2
18.224.66.158	Metasploit Framework C2
18.207.153.226	Metasploit Framework C2
51.84.166.119	Metasploit Framework C2
52.56.143.220	Metasploit Framework C2
120.237.147.54	Metasploit Framework C2
3.67.76.63	Metasploit Framework C2
103.177.47.195	Metasploit Framework C2
51.17.112.173	Metasploit Framework C2
13.214.208.104	Metasploit Framework C2
95.40.73.65	Metasploit Framework C2
54.180.143.12	Metasploit Framework C2
16.171.55.101	Metasploit Framework C2
13.212.236.34	Metasploit Framework C2
54.207.72.108	Metasploit Framework C2
40.192.35.84	Metasploit Framework C2
54.169.81.144	Metasploit Framework C2
13.212.36.118	Metasploit Framework C2
16.52.164.203	Metasploit Framework C2
88.218.17.218	Metasploit Framework C2
5.249.145.51	Metasploit Framework C2
16.26.92.50	Metasploit Framework C2
16.51.71.109	Metasploit Framework C2
3.112.28.224	Metasploit Framework C2
35.183.69.0	Metasploit Framework C2
103.177.46.100	Metasploit Framework C2
15.216.105.206	Metasploit Framework C2
51.84.97.39	Metasploit Framework C2
43.159.50.194	Metasploit Framework C2
18.60.111.92	Metasploit Framework C2
146.185.166.202	Metasploit Framework C2
207.246.93.127	Metasploit Framework C2
165.227.136.106	Metasploit Framework C2
3.255.157.168	Metasploit Framework C2
34.229.144.236	Metasploit Framework C2
103.253.147.9	Metasploit Framework C2
69.164.255.106	Metasploit Framework C2
199.101.111.205	Metasploit Framework C2
15.161.234.91	Metasploit Framework C2
63.88.77.169	Metasploit Framework C2
143.198.208.174	Metasploit Framework C2
103.177.47.214	Metasploit Framework C2
54.66.206.4	Metasploit Framework C2
3.99.188.69	Metasploit Framework C2
45.227.254.4	Metasploit Framework C2
109.123.242.116	Metasploit Framework C2
51.20.121.110	Metasploit Framework C2
199.101.111.235	Metasploit Framework C2
13.125.127.5	Metasploit Framework C2
184.185.107.7	Metasploit Framework C2
51.34.127.137	Metasploit Framework C2
43.240.223.126	Metasploit Framework C2
13.57.16.185	Metasploit Framework C2
51.255.46.245	Metasploit Framework C2
199.101.111.158	Metasploit Framework C2
37.221.196.152	Metasploit Framework C2
3.112.209.152	Metasploit Framework C2
34.228.17.8	Metasploit Framework C2
186.17.213.66	Metasploit Framework C2
162.243.22.15	Metasploit Framework C2
13.233.129.125	Metasploit Framework C2
51.20.106.141	Metasploit Framework C2
62.84.102.124	Metasploit Framework C2
103.177.46.76	Metasploit Framework C2
18.163.200.69	Metasploit Framework C2
45.13.227.61	Metasploit Framework C2
51.84.240.62	Metasploit Framework C2
54.216.57.124	Metasploit Framework C2
3.90.147.186	Metasploit Framework C2
213.252.246.56	Metasploit Framework C2
13.48.48.110	Metasploit Framework C2
13.126.190.173	Metasploit Framework C2
54.169.232.204	Metasploit Framework C2
66.94.126.203	Metasploit Framework C2
16.112.60.244	Metasploit Framework C2
185.254.57.251	Metasploit Framework C2
13.212.232.100	Metasploit Framework C2
16.26.41.80	Metasploit Framework C2
174.138.5.200	Metasploit Framework C2
51.17.115.125	Metasploit Framework C2
45.79.198.18	Metasploit Framework C2
107.174.231.200	Metasploit Framework C2
139.0.15.189	Metasploit Framework C2
88.119.170.212	Metasploit Framework C2
34.214.176.165	Metasploit Framework C2
35.152.139.133	Metasploit Framework C2
18.176.57.47	Metasploit Framework C2
79.143.87.222	Metasploit Framework C2
18.231.116.9	Metasploit Framework C2
209.195.169.238	Metasploit Framework C2
54.87.10.160	Metasploit Framework C2
54.234.147.68	Metasploit Framework C2
18.193.82.32	Metasploit Framework C2
122.155.223.144	Metasploit Framework C2
16.78.28.72	Metasploit Framework C2
209.250.139.53	Metasploit Framework C2
108.181.157.69	Metasploit Framework C2
199.101.111.22	Metasploit Framework C2
15.160.149.205	Metasploit Framework C2
3.29.137.130	Metasploit Framework C2
60.191.208.227	Metasploit Framework C2
54.234.19.102	Metasploit Framework C2
56.155.131.251	Metasploit Framework C2
157.175.44.26	Metasploit Framework C2
52.59.196.39	Metasploit Framework C2
65.2.9.14	Metasploit Framework C2
198.211.103.111	Metasploit Framework C2
185.109.175.178	Metasploit Framework C2
13.208.249.53	Metasploit Framework C2
16.24.69.214	Metasploit Framework C2
47.99.124.12	Metasploit Framework C2
51.84.206.37	Metasploit Framework C2
35.182.156.70	Metasploit Framework C2
44.248.41.122	Metasploit Framework C2
13.49.0.25	Metasploit Framework C2
173.212.214.79	Metasploit Framework C2
213.250.55.84	Metasploit Framework C2
198.144.189.67	Metasploit Framework C2
194.67.196.238	Metasploit Framework C2
35.95.32.169	Metasploit Framework C2
16.78.108.50	Metasploit Framework C2
18.159.96.28	Metasploit Framework C2
109.228.59.27	Metasploit Framework C2
54.221.160.173	Metasploit Framework C2
129.21.103.121	Metasploit Framework C2
194.233.90.144	Metasploit Framework C2
164.132.50.235	Metasploit Framework C2
35.86.76.63	Metasploit Framework C2
202.125.94.123	Metasploit Framework C2
15.237.95.139	Metasploit Framework C2
35.91.201.20	Metasploit Framework C2
103.177.47.241	Metasploit Framework C2
40.192.99.112	Metasploit Framework C2
3.28.191.206	Metasploit Framework C2
65.0.76.155	Metasploit Framework C2
103.152.3.110	Metasploit Framework C2
13.58.78.25	Metasploit Framework C2
106.53.75.203	Metasploit Framework C2
51.118.73.104	Metasploit Framework C2
18.228.7.31	Metasploit Framework C2
77.88.193.133	Metasploit Framework C2
13.245.87.169	Metasploit Framework C2
51.85.12.11	Metasploit Framework C2
144.91.99.195	Metasploit Framework C2
15.168.37.125	Metasploit Framework C2
43.201.112.101	Metasploit Framework C2
18.100.254.125	Metasploit Framework C2
18.153.97.232	Metasploit Framework C2
34.214.219.106	Metasploit Framework C2
168.245.202.130	Metasploit Framework C2
16.24.209.80	Metasploit Framework C2
195.154.203.12	Metasploit Framework C2
13.56.159.99	Metasploit Framework C2
18.61.156.143	Metasploit Framework C2
51.94.4.19	Metasploit Framework C2
43.218.81.217	Metasploit Framework C2
212.227.28.64	Metasploit Framework C2
64.112.40.33	Metasploit Framework C2
34.215.228.170	Metasploit Framework C2
43.203.199.228	Metasploit Framework C2
16.171.63.192	Metasploit Framework C2
103.234.16.100	Metasploit Framework C2
34.254.97.165	Metasploit Framework C2
51.48.84.136	Metasploit Framework C2
103.108.41.91	Metasploit Framework C2
172.104.119.48	Metasploit Framework C2
45.227.254.130	Metasploit Framework C2
13.57.186.104	Metasploit Framework C2
35.194.97.139	Metasploit Framework C2
3.36.63.67	Metasploit Framework C2
115.190.123.59	Metasploit Framework C2
3.109.152.224	Metasploit Framework C2
54.177.138.206	Metasploit Framework C2
18.183.76.192	Metasploit Framework C2
54.250.15.213	Metasploit Framework C2
18.61.235.137	Metasploit Framework C2
35.152.255.87	Metasploit Framework C2
13.38.35.27	Metasploit Framework C2
3.99.145.175	Metasploit Framework C2
54.169.87.176	Metasploit Framework C2
168.245.203.153	Metasploit Framework C2
54.254.139.178	Metasploit Framework C2
210.150.186.174	Metasploit Framework C2
39.105.225.254	MobSF
34.175.150.52	MobSF
139.196.38.123	MobSF
1.92.73.112	MobSF
110.42.163.7	MobSF
117.215.60.123	Mozi Botnet
59.94.75.87	Mozi Botnet
221.15.89.72	Mozi Botnet
117.205.173.90	Mozi Botnet
164.90.166.202	Mythic C2
51.38.235.182	Mythic C2
18.194.57.25	Mythic C2
91.218.141.72	Mythic C2
75.158.42.85	Mythic C2
162.243.106.164	Mythic C2
137.184.190.241	Mythic C2
79.175.189.207	Mythic C2
165.232.68.53	Mythic C2
173.249.42.140	Mythic C2
194.12.8.26	Mythic C2
108.61.198.77	Mythic C2
158.220.109.150	Mythic C2
62.4.0.66	Mythic C2
159.223.8.217	Mythic C2
167.172.203.71	Mythic C2
221.132.29.137	Mythic C2
31.56.28.227	Mythic C2
48.193.32.28	Mythic C2
45.43.163.22	Mythic C2
103.69.194.227	Mythic C2
138.197.156.131	Mythic C2
161.97.78.71	Mythic C2
45.150.108.175	Mythic C2
216.144.226.242	Mythic C2
134.209.243.36	Mythic C2
206.189.104.104	Mythic C2
78.138.9.69	Mythic C2
45.55.67.75	Mythic C2
68.218.67.213	Mythic C2
165.154.5.76	Mythic C2
64.176.41.30	Mythic C2
134.122.55.34	Mythic C2
34.172.85.181	Mythic C2
45.76.190.68	Mythic C2
102.117.163.182	Mythic C2
34.16.39.218	Mythic C2
136.24.173.189	Mythic C2
37.27.2.240	Mythic C2
164.90.158.199	Mythic C2
202.155.11.205	Mythic C2
167.172.47.209	Mythic C2
109.205.181.248	Mythic C2
104.234.46.159	Mythic C2
134.199.166.195	Mythic C2
37.97.133.245	Mythic C2
45.148.10.242	Mythic C2
157.20.182.45	Mythic C2
103.103.46.39	Mythic C2
167.71.155.231	Mythic C2
195.20.17.103	Mythic C2
149.104.26.229	Mythic C2
157.230.56.201	Mythic C2
139.59.181.253	Mythic C2
64.23.164.161	Mythic C2
217.168.247.110	Mythic C2
206.189.227.148	Mythic C2
20.205.162.42	Mythic C2
151.244.111.46	Mythic C2
198.23.173.170	Mythic C2
89.197.168.150	Mythic C2
209.227.217.214	Mythic C2
161.35.218.205	Mythic C2
68.183.255.53	Mythic C2
195.65.41.209	Mythic C2
142.93.86.246	Mythic C2
185.177.239.226	Mythic C2
150.5.174.231	Mythic C2
143.110.187.124	Mythic C2
23.94.53.32	Mythic C2
145.131.8.169	Mythic C2
159.223.59.134	Mythic C2
35.224.72.90	Mythic C2
154.38.116.247	Mythic C2
174.138.103.46	Mythic C2
104.245.145.186	Mythic C2
159.89.36.127	Mythic C2
165.227.233.49	Mythic C2
45.78.225.208	Mythic C2
64.23.213.61	Mythic C2
24.144.80.194	Mythic C2
66.78.40.70	Mythic C2
188.166.31.80	Mythic C2
48.217.187.10	Mythic C2
37.60.254.174	Mythic C2
159.65.115.176	Mythic C2
217.60.6.170	Mythic C2
23.94.53.35	Mythic C2
172.81.131.230	Mythic C2
216.126.237.61	Mythic C2
34.41.169.247	Mythic C2
159.198.40.9	Mythic C2
64.226.108.63	Mythic C2
167.172.44.149	Mythic C2
121.178.51.21	NanoCore RAT Trojan
124.198.131.202	NanoCore RAT Trojan
160.30.204.171	NanoCore RAT Trojan
209.122.38.136	NanoCore RAT Trojan
160.30.204.142	NanoCore RAT Trojan
103.57.131.226	NanoCore RAT Trojan
105.100.167.0	NanoCore RAT Trojan
23.94.232.155	NanoCore RAT Trojan
193.181.41.26	NanoCore RAT Trojan
98.110.203.122	NetBus Trojan
14.1.57.196	NetBus Trojan
124.156.166.6	NimPlant C2
147.50.231.86	NimPlant C2
67.21.33.134	Orcus RAT Trojan
195.177.94.216	Orcus RAT Trojan
43.198.196.123	PANDA C2
2400:3200:1300::14cf	PANDA C2
47.105.227.72	PANDA C2
143.92.52.208	PANDA C2
122.114.235.232	PANDA C2
50.118.244.222	PANDA C2
113.22.101.216	PANDA C2
117.25.28.1	PANDA C2
27.150.169.68	PANDA C2
149.28.9.83	PANDA C2
39.108.76.49	PANDA C2
173.199.122.196	PANDA C2
124.222.225.167	PANDA C2
47.251.48.13	PANDA C2
36.138.73.158	PANDA C2
149.28.202.142	PANDA C2
43.143.109.32	PANDA C2
39.106.57.170	PANDA C2
42.192.101.39	PANDA C2
43.135.132.219	PANDA C2
45.12.89.72	PANDA C2
121.40.126.60	PANDA C2
203.195.157.137	PANDA C2
103.143.230.17	PANDA C2
8.138.0.26	PANDA C2
199.188.109.7	PANDA C2
165.154.163.102	PANDA C2
120.79.8.122	PANDA C2
49.232.175.33	PANDA C2
143.92.52.177	PANDA C2
47.90.244.171	PANDA C2
103.151.4.58	PANDA C2
124.221.219.47	PANDA C2
39.101.131.231	PANDA C2
85.208.56.244	PANDA C2
139.159.185.176	PANDA C2
107.148.47.56	PANDA C2
103.97.177.120	PANDA C2
103.144.246.165	PANDA C2
47.116.173.70	PANDA C2
38.190.196.52	PANDA C2
85.208.56.246	PANDA C2
118.126.89.108	PANDA C2
8.137.98.105	PANDA C2
1.116.73.99	PANDA C2
175.178.41.106	PANDA C2
153.0.158.129	PANDA C2
1.25.225.153	PANDA C2
8.140.255.31	PANDA C2
120.76.200.78	PANDA C2
121.199.28.80	PANDA C2
14.22.78.20	PANDA C2
112.74.96.168	PANDA C2
47.83.165.246	PANDA C2
47.92.115.148	PANDA C2
43.136.132.196	PANDA C2
54.91.238.148	PANDA C2
144.202.121.189	PANDA C2
39.107.121.220	PANDA C2
47.252.9.184	PANDA C2
8.218.237.228	PANDA C2
47.101.179.208	PANDA C2
122.51.41.212	PANDA C2
120.27.13.24	PANDA C2
110.16.187.192	PANDA C2
129.204.161.142	PANDA C2
47.92.65.209	PANDA C2
8.138.176.208	PANDA C2
45.197.150.83	PANDA C2
45.207.197.36	PANDA C2
47.75.59.35	PANDA C2
43.128.97.148	PANDA C2
49.51.201.109	PANDA C2
16.78.3.206	PANDA C2
120.224.45.209	PANDA C2
114.55.100.176	PANDA C2
47.90.123.210	PANDA C2
143.92.52.171	PANDA C2
124.223.222.238	PANDA C2
54.180.78.177	PANDA C2
47.99.92.6	PANDA C2
47.52.142.159	PANDA C2
47.237.6.245	PANDA C2
8.162.3.145	PANDA C2
161.117.179.114	PANDA C2
47.251.77.225	PANDA C2
118.71.101.245	PANDA C2
101.201.45.200	PANDA C2
116.62.123.158	PANDA C2
43.134.164.35	PANDA C2
85.208.56.245	PANDA C2
50.118.244.220	PANDA C2
13.235.13.171	PANDA C2
121.199.165.107	PANDA C2
124.220.154.213	PANDA C2
95.66.124.61	PANDA C2
49.212.143.246	PANDA C2
52.221.94.208	PANDA C2
43.160.204.217	PANDA C2
85.208.56.242	PANDA C2
47.96.64.80	PANDA C2
47.108.211.152	PANDA C2
36.109.213.246	PANDA C2
148.135.68.133	PANDA C2
8.217.85.66	PANDA C2
74.48.50.55	PANDA C2
143.92.52.190	PANDA C2
101.200.90.191	PANDA C2
104.238.153.249	PANDA C2
39.106.8.249	PANDA C2
47.95.207.217	PANDA C2
104.234.25.215	PANDA C2
144.202.88.120	PANDA C2
47.106.149.60	PANDA C2
47.95.20.217	PANDA C2
47.94.136.17	PANDA C2
104.207.157.24	PANDA C2
50.118.244.218	PANDA C2
199.188.104.130	PANDA C2
143.92.52.201	PANDA C2
106.52.115.119	PANDA C2
47.121.191.57	PANDA C2
98.142.138.191	PANDA C2
118.178.135.73	PANDA C2
156.250.30.194	PANDA C2
120.25.168.8	PANDA C2
8.138.122.109	PANDA C2
95.66.124.62	PANDA C2
211.159.227.142	PANDA C2
59.110.221.22	PANDA C2
8.209.67.71	PANDA C2
45.32.133.13	PANDA C2
173.212.230.111	PANDA C2
47.104.254.132	PANDA C2
47.97.70.99	PANDA C2
116.62.142.146	PANDA C2
47.88.30.231	PANDA C2
27.192.164.114	PANDA C2
113.45.65.232	PANDA C2
45.77.95.174	PANDA C2
123.57.93.117	PANDA C2
8.211.10.181	PANDA C2
47.97.7.188	PANDA C2
47.117.180.240	PANDA C2
34.120.209.233	PANDA C2
120.79.199.130	PANDA C2
143.92.52.186	PANDA C2
199.188.104.129	PANDA C2
149.28.10.10	PANDA C2
185.194.205.48	PANDA C2
47.106.248.192	PANDA C2
150.109.154.39	PANDA C2
143.92.52.197	PANDA C2
47.76.240.83	PANDA C2
85.208.56.243	PANDA C2
124.222.188.112	PANDA C2
209.141.33.132	Pantegana C2
8.218.71.187	Quasar RAT
47.76.214.226	Quasar RAT
20.6.131.16	Quasar RAT
42.112.69.103	Quasar RAT
209.145.59.89	Quasar RAT
192.252.180.23	Quasar RAT
222.253.182.185	Quasar RAT
8.210.77.104	Quasar RAT
52.184.27.75	Quasar RAT
193.242.208.53	Quasar RAT
42.115.10.113	Quasar RAT
121.169.59.210	Quasar RAT
113.44.39.1	RedGuard C2
182.255.45.244	RedGuard C2
47.121.136.191	RedGuard C2
103.12.148.42	RedGuard C2
106.14.76.222	RedGuard C2
103.136.150.48	RedGuard C2
115.233.60.197	RedGuard C2
45.137.10.110	RedGuard C2
182.255.44.44	RedGuard C2
115.190.35.210	RedGuard C2
106.52.166.133	RedGuard C2
107.175.185.73	RedGuard C2
124.156.152.46	RedGuard C2
43.156.239.71	RedGuard C2
45.141.136.133	RedGuard C2
221.12.129.226	Remcos RAT
122.225.124.110	Remcos RAT
217.60.249.161	Sectop RAT
78.128.113.222	Sectop RAT
144.31.207.174	Sectop RAT
62.164.177.46	Sectop RAT
91.199.163.124	Sectop RAT
84.200.17.129	Sectop RAT
185.126.64.27	Sectop RAT
93.152.230.29	Sectop RAT
45.141.84.229	Sectop RAT
80.64.19.202	Sectop RAT
185.39.19.187	Sectop RAT
62.60.131.7	Sectop RAT
62.164.177.26	Sectop RAT
86.54.24.132	Sectop RAT
45.155.69.188	Sectop RAT
62.60.135.148	Sectop RAT
37.221.66.166	Sectop RAT
146.103.126.229	Sectop RAT
38.127.216.216	Sectop RAT
185.92.180.22	Sectop RAT
84.200.77.140	Sectop RAT
86.54.25.111	Sectop RAT
185.39.19.101	Sectop RAT
77.73.131.91	Sectop RAT
144.124.246.133	Sectop RAT
185.126.64.49	Sectop RAT
77.90.185.59	Sectop RAT
185.39.19.89	Sectop RAT
79.124.62.10	Sectop RAT
80.97.160.110	Sectop RAT
65.109.146.101	Sectop RAT
185.125.50.72	Sectop RAT
45.61.135.229	Sectop RAT
89.110.122.152	Sectop RAT
173.46.80.214	Sectop RAT
45.227.252.23	Sectop RAT
185.125.50.92	Sectop RAT
178.236.254.136	Sectop RAT
36.255.98.38	Sectop RAT
31.57.27.108	Sectop RAT
178.16.53.110	Sectop RAT
185.125.50.119	Sectop RAT
185.11.61.217	Sectop RAT
144.124.234.94	Sectop RAT
86.54.24.30	Sectop RAT
88.214.50.85	Sectop RAT
179.43.145.34	Sectop RAT
62.164.177.52	Sectop RAT
89.110.71.92	Sectop RAT
106.52.128.236	ShadowPad
45.77.47.239	ShadowPad
119.29.143.243	ShadowPad
119.29.8.235	ShadowPad
3.219.38.25	ShadowPad
193.200.16.184	ShadowPad
123.207.18.157	ShadowPad
139.199.72.163	ShadowPad
112.95.159.90	ShadowPad
119.29.73.94	ShadowPad
123.207.16.103	ShadowPad
119.29.165.74	ShadowPad
5.252.178.38	ShadowPad
155.248.216.246	ShadowPad
52.17.227.61	Sliver C2
18.197.160.71	Sliver C2
137.184.231.112	Sliver C2
45.76.223.178	Sliver C2
178.16.52.91	Sliver C2
101.99.94.171	Sliver C2
46.101.237.123	Sliver C2
193.24.123.196	Sliver C2
158.94.209.97	Sliver C2
137.184.57.89	Sliver C2
35.229.21.230	Sliver C2
3.10.218.31	Sliver C2
46.224.28.128	Sliver C2
18.168.78.235	Sliver C2
138.197.224.55	Sliver C2
18.168.214.200	Sliver C2
45.43.163.22	Sliver C2
95.158.10.249	Sliver C2
13.135.68.215	Sliver C2
35.178.130.42	Sliver C2
52.173.131.28	Sliver C2
93.127.222.27	Sliver C2
167.71.13.103	Sliver C2
159.65.78.125	Sliver C2
159.89.144.71	Sliver C2
202.61.137.217	Sliver C2
192.227.140.120	Sliver C2
13.43.197.17	Sliver C2
18.135.57.46	Sliver C2
47.99.121.81	Sliver C2
195.20.17.49	Sliver C2
68.183.57.234	Sliver C2
165.22.80.231	Sliver C2
147.45.175.240	Sliver C2
35.176.21.106	Sliver C2
108.181.189.21	Sliver C2
66.42.51.183	Sliver C2
80.78.30.76	Sliver C2
161.35.64.250	Sliver C2
38.147.171.158	Sliver C2
188.208.197.80	Sliver C2
164.90.197.183	Sliver C2
72.11.149.234	Sliver C2
192.177.26.121	Sliver C2
137.184.87.69	Sliver C2
182.92.166.73	Sliver C2
147.93.6.114	Sliver C2
69.30.198.218	Sliver C2
159.65.241.15	Sliver C2
35.177.79.12	Sliver C2
167.179.73.103	Sliver C2
143.198.249.246	Sliver C2
107.172.67.68	Sliver C2
54.176.199.169	Sliver C2
151.243.109.170	Sliver C2
51.83.133.9	Sliver C2
95.130.227.6	Sliver C2
178.16.52.53	Sliver C2
51.161.35.113	Sliver C2
43.163.26.181	Sliver C2
47.98.255.64	Sliver C2
45.156.248.2	Sliver C2
3.9.157.185	Sliver C2
64.52.80.159	Sliver C2
38.242.153.111	Sliver C2
171.22.182.8	Sliver C2
177.124.72.24	Sliver C2
54.171.208.63	Sliver C2
138.197.64.36	Sliver C2
101.99.94.104	Sliver C2
146.185.159.140	Sliver C2
23.247.253.245	Sliver C2
143.110.151.209	Sliver C2
3.11.180.31	Sliver C2
43.156.1.42	Sliver C2
207.244.249.244	Sliver C2
62.171.158.126	Sliver C2
62.146.169.174	Sliver C2
176.117.68.140	Sliver C2
152.32.190.81	Sliver C2
109.199.102.110	Sliver C2
138.68.12.88	Sliver C2
164.92.136.111	Sliver C2
95.111.239.183	Sliver C2
196.191.244.137	Sliver C2
66.42.60.34	Sliver C2
62.234.116.46	Sliver C2
64.112.42.217	Sliver C2
64.23.146.248	Sliver C2
178.16.52.92	Sliver C2
18.171.51.96	Sliver C2
77.237.233.73	Sliver C2
38.150.34.76	Sliver C2
18.158.1.133	Sliver C2
107.173.50.53	Sliver C2
161.35.25.134	Sliver C2
101.33.246.201	Sliver C2
106.12.174.164	Sliver C2
167.71.184.214	Sliver C2
18.197.122.29	Sliver C2
64.23.184.180	Sliver C2
139.59.79.75	Sliver C2
181.214.100.68	Sliver C2
86.106.85.179	Sliver C2
167.99.148.49	Sliver C2
124.243.150.112	Sliver C2
192.81.216.107	Sliver C2
198.98.51.203	Sliver C2
165.232.175.19	Sliver C2
103.176.145.162	Sliver C2
47.99.56.134	Sliver C2
138.68.170.98	Sliver C2
62.60.177.94	Sliver C2
84.247.172.149	Sliver C2
165.22.180.36	Sliver C2
154.31.217.203	Sliver C2
213.199.62.11	Sliver C2
147.182.234.229	Sliver C2
5.189.147.128	Sliver C2
23.227.203.12	Sliver C2
35.220.199.172	Sliver C2
18.132.112.242	Sliver C2
134.199.158.68	Sliver C2
173.254.215.95	Sliver C2
123.57.2.124	Sliver C2
3.10.27.22	Sliver C2
18.134.36.166	Sliver C2
52.49.193.181	Sliver C2
167.99.16.48	Sliver C2
147.45.214.79	Sliver C2
13.41.103.22	Sliver C2
37.27.2.240	Sliver C2
45.153.34.50	Sliver C2
8.216.80.229	Sliver C2
172.237.36.196	Sliver C2
62.146.176.213	Sliver C2
146.190.17.255	Sliver C2
35.212.172.98	Sliver C2
209.38.82.218	Sliver C2
18.169.87.175	Sliver C2
16.16.220.181	Sliver C2
103.179.66.86	Sliver C2
159.223.221.202	Sliver C2
77.42.38.4	Sliver C2
107.189.20.204	Sliver C2
64.226.101.105	Sliver C2
222.255.214.236	Sliver C2
3.110.165.117	Sliver C2
18.168.103.73	Sliver C2
18.171.16.32	Sliver C2
216.45.63.196	Sliver C2
167.71.25.237	Sliver C2
38.60.227.131	Sliver C2
139.159.205.164	Sliver C2
23.227.202.200	Sliver C2
47.239.245.98	Sliver C2
178.128.63.20	Sliver C2
148.135.97.41	Sliver C2
52.49.190.113	Sliver C2
179.43.172.53	Sliver C2
103.103.21.230	Sliver C2
51.15.8.6	Sliver C2
47.109.65.22	Sliver C2
185.103.110.110	Sliver C2
167.179.95.158	Sliver C2
195.178.136.32	Sliver C2
176.65.149.124	Sliver C2
3.108.249.225	Sliver C2
146.190.11.128	Sliver C2
206.237.127.70	Sliver C2
165.232.161.164	Sliver C2
47.97.121.53	Sliver C2
182.255.45.50	Sliver C2
18.158.137.46	Sliver C2
18.185.187.90	Sliver C2
34.149.77.136	Sliver C2
94.156.119.221	Sliver C2
104.248.181.117	Sliver C2
46.183.25.17	Sliver C2
102.211.29.133	Sliver C2
75.127.0.221	Sliver C2
172.245.11.99	Sliver C2
91.107.165.42	Sliver C2
13.43.190.44	Sliver C2
167.172.117.18	Sliver C2
150.107.38.147	Sliver C2
130.94.14.242	Sliver C2
52.58.156.181	Sliver C2
172.238.97.139	Sliver C2
13.134.159.196	Sliver C2
104.36.229.171	Sliver C2
23.94.53.35	Sliver C2
54.215.113.14	Sliver C2
142.171.228.216	Sliver C2
143.198.136.6	Sliver C2
31.220.74.13	Sliver C2
165.227.47.194	Sliver C2
161.97.136.227	Sliver C2
95.164.55.127	Sliver C2
178.16.52.95	Sliver C2
35.156.222.129	Sliver C2
31.57.228.25	Sliver C2
107.173.135.109	Sliver C2
35.177.8.145	Sliver C2
172.232.29.157	Sliver C2
85.215.44.146	Sliver C2
134.122.153.123	Sliver C2
43.106.20.234	Sliver C2
139.59.44.30	Sliver C2
157.245.144.9	Sliver C2
167.71.16.171	Sliver C2
52.28.0.191	Sliver C2
159.223.0.103	Sliver C2
66.103.201.249	Sliver C2
159.203.148.17	Sliver C2
54.244.83.113	Sliver C2
14.103.172.52	Sliver C2
161.35.66.212	Sliver C2
134.112.137.191	Sliver C2
208.78.46.51	Sliver C2
34.122.21.68	Sliver C2
172.86.94.42	Sliver C2
67.207.73.254	Sliver C2
178.16.52.94	Sliver C2
107.174.82.199	Sliver C2
164.90.209.246	Sliver C2
23.111.126.220	Sliver C2
212.47.241.18	Sliver C2
8.210.236.220	Sliver C2
185.195.65.195	Sliver C2
163.47.9.13	Sliver C2
143.20.185.226	Sliver C2
107.172.22.231	Sliver C2
8.210.248.241	Sliver C2
178.128.140.47	Sliver C2
144.208.127.112	Sliver C2
89.208.106.13	Sliver C2
172.235.173.15	Sliver C2
208.87.128.140	Sliver C2
18.132.107.42	Sliver C2
24.144.82.16	Sliver C2
51.178.52.32	Sliver C2
95.85.242.182	Sliver C2
159.65.183.188	Sliver C2
18.135.150.157	Sliver C2
45.205.25.89	Sliver C2
84.201.25.68	Sliver C2
45.150.108.93	Sliver C2
38.143.109.169	Sliver C2
217.76.57.92	Sliver C2
121.127.232.63	Sliver C2
134.209.93.110	Sliver C2
181.214.100.109	Sliver C2
208.69.78.184	Sliver C2
18.132.242.209	Sliver C2
52.52.56.81	Sliver C2
143.198.16.180	Sliver C2
20.118.243.73	Sliver C2
159.65.190.66	Sliver C2
83.97.20.217	Sliver C2
103.69.194.85	Sliver C2
192.3.187.89	Sliver C2
68.183.65.198	Sliver C2
68.183.193.39	Sliver C2
147.50.230.91	Sliver C2
52.233.91.208	Sliver C2
157.245.121.29	Sliver C2
64.111.92.248	Sliver C2
151.236.17.64	Sliver C2
137.175.65.213	Sliver C2
142.171.7.147	Sliver C2
165.227.136.106	Sliver C2
23.95.193.221	Sliver C2
185.239.69.175	Sliver C2
195.20.17.33	Sliver C2
107.189.21.218	Sliver C2
142.11.194.134	Sliver C2
158.220.115.82	Sliver C2
69.164.255.106	Sliver C2
157.230.55.55	Sliver C2
113.30.190.233	Sliver C2
209.97.168.63	Sliver C2
162.33.177.43	Sliver C2
47.79.146.121	Sliver C2
166.88.90.174	Sliver C2
182.255.46.159	Sliver C2
13.43.81.86	Sliver C2
23.94.53.32	Sliver C2
3.8.213.246	Sliver C2
46.101.206.226	Sliver C2
18.130.67.80	Sliver C2
159.223.58.35	Sliver C2
195.20.17.224	Sliver C2
130.94.12.127	Sliver C2
89.169.52.60	Sliver C2
13.42.143.112	Sliver C2
106.75.8.65	Sliver C2
112.213.120.162	Sliver C2
172.245.133.15	Sliver C2
88.218.0.8	Sliver C2
5.252.153.69	Sliver C2
212.56.40.248	Sliver C2
151.115.54.25	Sliver C2
193.149.176.10	Sliver C2
124.158.5.149	Sliver C2
3.73.97.200	Sliver C2
107.150.1.174	Sliver C2
3.10.30.234	Sliver C2
18.135.40.102	Sliver C2
138.68.180.119	Sliver C2
45.140.213.84	Sliver C2
18.202.104.200	Sliver C2
147.45.116.18	Sliver C2
24.199.93.68	Sliver C2
103.147.22.155	Sliver C2
193.134.211.58	Sliver C2
166.108.200.194	Sliver C2
64.225.64.178	Sliver C2
35.221.88.80	Sliver C2
158.220.121.238	Sliver C2
37.230.48.42	Sliver C2
43.154.140.214	Sliver C2
5.44.45.9	Sliver C2
150.241.230.249	Sliver C2
188.166.147.93	Sliver C2
142.93.166.139	Sliver C2
185.113.10.171	Sliver C2
54.246.243.81	Sliver C2
86.106.85.207	Sliver C2
23.94.99.26	Sliver C2
103.182.102.160	Sliver C2
51.250.107.234	Sliver C2
52.56.239.246	Sliver C2
208.69.78.77	Sliver C2
167.172.190.13	Sliver C2
147.45.251.221	Sliver C2
172.245.118.81	Sliver C2
182.92.159.149	Sliver C2
160.202.247.176	Sliver C2
3.67.150.218	Sliver C2
163.172.71.54	Sliver C2
46.101.140.228	Sliver C2
146.70.158.198	Sliver C2
3.10.25.200	Sliver C2
157.245.46.190	Sliver C2
45.136.15.6	Sliver C2
47.84.83.56	Sliver C2
79.133.56.219	Sliver C2
193.201.185.90	Sliver C2
45.135.180.207	Sliver C2
18.134.211.68	Sliver C2
181.174.164.116	Sliver C2
8.220.195.197	Sliver C2
172.245.82.84	Sliver C2
52.28.177.107	Sliver C2
206.217.216.145	Sliver C2
45.150.108.43	Sliver C2
3.10.13.190	Sliver C2
167.172.12.244	Sliver C2
194.26.141.203	Sliver C2
54.153.14.77	Sliver C2
185.237.166.132	Sliver C2
24.199.97.82	Sliver C2
20.106.235.221	Sliver C2
99.81.228.32	Sliver C2
164.215.103.117	Sliver C2
47.120.46.210	Sliver C2
3.124.105.248	Sliver C2
165.154.225.249	Sliver C2
34.146.49.105	Sliver C2
43.134.67.236	Sliver C2
165.22.109.63	Sliver C2
34.247.113.223	Sliver C2
159.195.59.191	Sliver C2
18.132.27.197	Sliver C2
155.94.144.226	Sliver C2
150.136.135.145	Sliver C2
24.144.94.152	Sliver C2
212.56.32.90	Sliver C2
36.212.254.213	Sliver C2
178.16.52.93	Sliver C2
64.227.142.218	Sliver C2
4.201.185.160	Sliver C2
13.41.103.250	Sliver C2
146.190.20.46	Sliver C2
8.136.41.138	Sliver C2
143.198.1.58	Sliver C2
77.83.207.173	Sliver C2
45.236.130.44	Sliver C2
52.56.43.243	Sliver C2
145.223.70.112	Sliver C2
185.132.176.4	Sliver C2
35.176.128.174	Sliver C2
195.178.110.163	Sliver C2
159.223.234.164	Sliver C2
198.12.65.237	Sliver C2
35.176.102.236	Sliver C2
138.197.143.1	Sliver C2
89.117.1.83	Sliver C2
47.98.39.223	Sliver C2
38.12.24.231	Sliver C2
181.214.100.216	Sliver C2
138.197.116.241	Sliver C2
80.78.18.42	Sliver C2
185.196.9.5	Sliver C2
185.209.42.105	Sliver C2
185.196.10.199	Sliver C2
84.21.171.168	Sliver C2
83.97.20.122	Sliver C2
165.227.231.125	Sliver C2
193.187.151.135	Sliver C2
35.198.189.209	Sliver C2
92.119.159.49	Sliver C2
34.8.12.46	Sliver C2
172.93.220.237	Sliver C2
18.171.253.40	Sliver C2
52.52.233.130	Sliver C2
34.120.233.212	Sliver C2
64.23.139.223	Sliver C2
47.110.63.174	Sliver C2
137.184.126.213	Sliver C2
147.28.223.190	Sliver C2
18.134.1.193	Sliver C2
192.253.224.82	Sliver C2
178.16.54.226	SpyAgent
45.148.8.121	Supershell C2
123.56.48.58	Supershell C2
124.222.182.210	Supershell C2
172.245.253.10	Supershell C2
47.122.118.104	Supershell C2
180.76.144.175	Supershell C2
64.120.88.36	Supershell C2
1.15.62.170	Supershell C2
8.148.211.238	Supershell C2
154.26.214.203	Supershell C2
107.174.64.180	Supershell C2
39.98.204.142	Supershell C2
47.243.211.91	Supershell C2
45.134.49.30	Supershell C2
103.146.159.70	Supershell C2
43.154.105.145	Supershell C2
43.103.44.66	Supershell C2
94.156.119.149	Supershell C2
45.61.150.98	Supershell C2
45.192.98.190	Supershell C2
43.143.246.38	Supershell C2
103.43.71.150	Supershell C2
47.97.114.229	Supershell C2
107.174.115.101	Supershell C2
154.31.216.212	Supershell C2
210.56.48.32	Supershell C2
8.138.155.217	Supershell C2
47.105.117.209	Supershell C2
38.47.238.110	Supershell C2
103.143.81.175	Supershell C2
124.243.177.110	Supershell C2
20.89.182.93	Supershell C2
150.158.152.209	Supershell C2
20.2.139.87	Supershell C2
47.99.54.48	Supershell C2
134.122.154.44	Supershell C2
45.61.150.251	Supershell C2
139.59.238.90	Supershell C2
154.64.253.33	Supershell C2
68.210.136.253	Supershell C2
117.72.38.14	Supershell C2
39.107.85.83	Supershell C2
45.152.65.65	Supershell C2
118.195.183.125	Supershell C2
198.46.216.206	Supershell C2
167.160.191.178	Supershell C2
119.91.52.117	Supershell C2
43.143.130.124	Supershell C2
107.172.75.201	Supershell C2
167.71.90.208	Supershell C2
113.45.238.149	Supershell C2
59.110.137.87	Supershell C2
101.132.180.178	Supershell C2
101.201.174.160	Supershell C2
117.72.119.63	Supershell C2
8.216.84.159	Supershell C2
20.2.161.33	Supershell C2
47.116.64.160	Supershell C2
47.98.177.117	Supershell C2
110.41.44.100	Supershell C2
107.174.26.40	Supershell C2
156.225.29.18	Supershell C2
8.137.106.28	Supershell C2
154.36.175.48	Supershell C2
47.101.2.90	Supershell C2
62.234.65.53	Supershell C2
139.224.198.190	Supershell C2
45.136.15.217	Supershell C2
38.162.116.86	Supershell C2
103.97.178.243	Supershell C2
107.189.28.92	Supershell C2
185.216.118.100	Supershell C2
107.173.30.188	Supershell C2
124.71.229.16	Supershell C2
160.250.128.197	Supershell C2
47.74.242.253	Supershell C2
8.218.231.53	Supershell C2
119.29.4.226	Supershell C2
117.72.122.195	Supershell C2
101.201.37.74	Supershell C2
110.72.96.130	Supershell C2
152.42.180.208	Supershell C2
120.78.121.146	Supershell C2
101.133.172.90	Supershell C2
143.92.62.76	Supershell C2
47.236.194.231	Supershell C2
45.145.228.142	Supershell C2
103.163.208.229	Supershell C2
202.182.102.83	Supershell C2
8.218.138.77	Supershell C2
129.226.213.170	Supershell C2
156.252.63.98	Supershell C2
154.219.123.95	Supershell C2
38.148.242.220	Supershell C2
114.132.217.187	Supershell C2
45.64.52.30	Supershell C2
122.10.52.27	Supershell C2
113.44.66.184	Supershell C2
43.156.58.35	Supershell C2
8.138.185.255	Supershell C2
8.218.120.126	Supershell C2
129.28.177.133	Supershell C2
47.238.226.140	Supershell C2
47.236.166.45	Supershell C2
43.136.20.206	Supershell C2
47.121.130.60	Supershell C2
8.217.200.158	Supershell C2
166.108.206.56	Supershell C2
117.72.62.70	Supershell C2
198.46.221.26	Supershell C2
114.132.250.118	Supershell C2
20.196.147.118	Supershell C2
4.230.24.119	Supershell C2
103.163.208.184	Supershell C2
37.183.240.242	Unam Web Panel
144.31.221.85	Unam Web Panel
129.151.135.50	Unam Web Panel
185.208.156.59	Unam Web Panel
177.124.72.24	Unam Web Panel
62.60.246.234	Unam Web Panel
185.236.203.114	Unam Web Panel
185.219.84.239	Unam Web Panel
91.231.222.217	Unam Web Panel
147.45.42.161	Unam Web Panel
94.156.119.187	Unam Web Panel
185.194.175.132	Unam Web Panel
185.165.171.21	Unam Web Panel
62.60.148.41	Unam Web Panel
62.60.245.136	Unam Web Panel
154.31.217.203	Villain C2
104.194.154.98	Villain C2
213.14.143.251	Villain C2
35.198.189.209	Villain C2
92.112.53.46	Villain C2
107.189.21.140	Villain C2
216.118.101.160	Viper C2
216.118.101.204	Viper C2
216.118.101.168	Viper C2
216.118.101.86	Viper C2
216.118.101.84	Viper C2
216.118.101.225	Viper C2
216.118.101.137	Viper C2
216.118.101.200	Viper C2
216.118.101.169	Viper C2
216.118.101.159	Viper C2
216.118.101.19	Viper C2
216.118.101.231	Viper C2
216.118.101.239	Viper C2
216.118.101.173	Viper C2
216.118.101.253	Viper C2
216.118.101.187	Viper C2
216.118.101.144	Viper C2
216.118.101.149	Viper C2
216.118.101.208	Viper C2
216.118.101.130	Viper C2
216.118.101.196	Viper C2
216.118.101.40	Viper C2
216.118.101.69	Viper C2
216.118.101.228	Viper C2
216.118.101.222	Viper C2
216.118.101.33	Viper C2
216.118.101.35	Viper C2
216.118.101.146	Viper C2
216.118.101.136	Viper C2
216.118.101.117	Viper C2
216.118.101.90	Viper C2
216.118.101.162	Viper C2
216.118.101.254	Viper C2
216.118.101.97	Viper C2
216.118.101.245	Viper C2
216.118.101.102	Viper C2
216.118.101.161	Viper C2
216.118.101.238	Viper C2
216.118.101.94	Viper C2
216.118.101.103	Viper C2
216.118.101.227	Viper C2
216.118.101.110	Viper C2
216.118.101.78	Viper C2
216.118.101.221	Viper C2
216.118.101.214	Viper C2
216.118.101.166	Viper C2
216.118.101.29	Viper C2
216.118.101.191	Viper C2
216.118.101.95	Viper C2
216.118.101.120	Viper C2
216.118.101.30	Viper C2
216.118.101.27	Viper C2
216.118.101.145	Viper C2
216.118.101.101	Viper C2
216.118.101.49	Viper C2
216.118.101.81	Viper C2
216.118.101.224	Viper C2
216.118.101.235	Viper C2
216.118.101.181	Viper C2
216.118.101.32	Viper C2
216.118.101.237	Viper C2
216.118.101.185	Viper C2
216.118.101.39	Viper C2
216.118.101.182	Viper C2
216.118.101.125	Viper C2
216.118.101.82	Viper C2
216.118.101.53	Viper C2
216.118.101.158	Viper C2
216.118.101.26	Viper C2
216.118.101.229	Viper C2
216.118.101.163	Viper C2
216.118.101.113	Viper C2
216.118.101.109	Viper C2
216.118.101.152	Viper C2
216.118.101.12	Viper C2
216.118.101.98	Viper C2
216.118.101.176	Viper C2
216.118.101.70	Viper C2
216.118.101.201	Viper C2
216.118.101.44	Viper C2
216.118.101.14	Viper C2
216.118.101.251	Viper C2
216.118.101.155	Viper C2
216.118.101.105	Viper C2
216.118.101.226	Viper C2
216.118.101.219	Viper C2
216.118.101.24	Viper C2
216.118.101.142	Viper C2
216.118.101.150	Viper C2
207.99.79.35	Viper C2
216.118.101.43	Viper C2
216.118.101.133	Viper C2
216.118.101.175	Viper C2
216.118.101.71	Viper C2
216.118.101.249	Viper C2
216.118.101.210	Viper C2
216.118.101.2	Viper C2
216.118.101.212	Viper C2
216.118.101.188	Viper C2
216.118.101.199	Viper C2
216.118.101.138	Viper C2
216.118.101.139	Viper C2
216.118.101.48	Viper C2
216.118.101.233	Viper C2
216.118.101.18	Viper C2
216.118.101.167	Viper C2
216.118.101.121	Viper C2
216.118.101.217	Viper C2
216.118.101.108	Viper C2
216.118.101.127	Viper C2
216.118.101.203	Viper C2
216.118.101.61	Viper C2
216.118.101.223	Viper C2
216.118.101.96	Viper C2
216.118.101.10	Viper C2
216.118.101.25	Viper C2
216.118.101.41	Viper C2
216.118.101.171	Viper C2
216.118.101.180	Viper C2
216.118.101.246	Viper C2
216.118.101.186	Viper C2
216.118.101.206	Viper C2
216.118.101.21	Viper C2
216.118.101.42	Viper C2
216.118.101.58	Viper C2
216.118.101.17	Viper C2
216.118.101.157	Viper C2
216.118.101.36	Viper C2
216.118.101.34	Viper C2
216.118.101.56	Viper C2
216.118.101.104	Viper C2
216.118.101.85	Viper C2
216.118.101.197	Viper C2
216.118.101.106	Viper C2
216.118.101.62	Viper C2
216.118.101.153	Viper C2
216.118.101.205	Viper C2
216.118.101.87	Viper C2
216.118.101.174	Viper C2
216.118.101.114	Viper C2
216.118.101.5	Viper C2
216.118.101.23	Viper C2
216.118.101.111	Viper C2
216.118.101.202	Viper C2
216.118.101.76	Viper C2
216.118.101.194	Viper C2
216.118.101.192	Viper C2
216.118.101.80	Viper C2
216.118.101.100	Viper C2
216.118.101.65	Viper C2
216.118.101.73	Viper C2
216.118.101.165	Viper C2
216.118.101.52	Viper C2
216.118.101.198	Viper C2
216.118.101.132	Viper C2
216.118.101.55	Viper C2
216.118.101.6	Viper C2
216.118.101.60	Viper C2
216.118.101.248	Viper C2
216.118.101.68	Viper C2
216.118.101.7	Viper C2
216.118.101.170	Viper C2
216.118.101.93	Viper C2
216.118.101.230	Viper C2
216.118.101.156	Viper C2
216.118.101.22	Viper C2
216.118.101.118	Viper C2
216.118.101.46	Viper C2
216.118.101.3	Viper C2
216.118.101.15	Viper C2
216.118.101.179	Viper C2
216.118.101.129	Viper C2
216.118.101.119	Viper C2
216.118.101.247	Viper C2
216.118.101.66	Viper C2
216.118.101.241	Viper C2
216.118.101.178	Viper C2
216.118.101.67	Viper C2
216.118.101.4	Viper C2
216.118.101.57	Viper C2
216.118.101.128	Viper C2
216.118.101.123	Viper C2
216.118.101.91	Viper C2
216.118.101.79	Viper C2
216.118.101.215	Viper C2
216.118.101.154	Viper C2
216.118.101.232	Viper C2
216.118.101.216	Viper C2
216.118.101.172	Viper C2
216.118.101.252	Viper C2
216.118.101.207	Viper C2
216.118.101.122	Viper C2
216.118.101.107	Viper C2
216.118.101.47	Viper C2
216.118.101.28	Viper C2
216.118.101.213	Viper C2
216.118.101.135	Viper C2
216.118.101.243	Viper C2
216.118.101.236	Viper C2
216.118.101.45	Viper C2
216.118.101.148	Viper C2
216.118.101.11	Viper C2
216.118.101.16	Viper C2
216.118.101.126	Viper C2
216.118.101.140	Viper C2
216.118.101.189	Viper C2
216.118.101.250	Viper C2
216.118.101.75	Viper C2
216.118.101.193	Viper C2
216.118.101.183	Viper C2
216.118.101.220	Viper C2
216.118.101.77	Viper C2
216.118.101.74	Viper C2
216.118.101.88	Viper C2
216.118.101.50	Viper C2
216.118.101.13	Viper C2
216.118.101.89	Viper C2
216.118.101.92	Viper C2
216.118.101.184	Viper C2
216.118.101.143	Viper C2
216.118.101.99	Viper C2
216.118.101.63	Viper C2
216.118.101.190	Viper C2
216.118.101.147	Viper C2
216.118.101.209	Viper C2
216.118.101.164	Viper C2
216.118.101.211	Viper C2
216.118.101.131	Viper C2
216.118.101.37	Viper C2
216.118.101.20	Viper C2
216.118.101.234	Viper C2
216.118.101.240	Viper C2
216.118.101.59	Viper C2
216.118.101.244	Viper C2
216.118.101.116	Viper C2
216.118.101.31	Viper C2
216.118.101.72	Viper C2
216.118.101.134	Viper C2
216.118.101.177	Viper C2
216.118.101.51	Viper C2
216.118.101.151	Viper C2
216.118.101.242	Viper C2
216.118.101.195	Viper C2
216.118.101.64	Viper C2
216.118.101.9	Viper C2
216.118.101.112	Viper C2
216.118.101.54	Viper C2
216.118.101.124	Viper C2
216.118.101.218	Viper C2
216.118.101.38	Viper C2
216.118.101.115	Viper C2
216.118.101.141	Viper C2
216.118.101.8	Viper C2
216.118.101.83	Viper C2
222.242.114.191	XMRig Monero Cryptominer
31.58.50.52	XMRig Monero Cryptominer
136.248.244.92	XMRig Monero Cryptominer
221.163.91.163	XMRig Monero Cryptominer
77.246.108.212	XMRig Monero Cryptominer
8.137.123.125	XMRig Monero Cryptominer
184.168.22.239	XMRig Monero Cryptominer
115.190.57.3	XMRig Monero Cryptominer
31.156.177.89	XMRig Monero Cryptominer
74.50.85.45	XMRig Monero Cryptominer
157.180.82.167	XMRig Monero Cryptominer
222.242.114.121	XMRig Monero Cryptominer
177.84.130.195	XMRig Monero Cryptominer
50.126.64.148	XMRig Monero Cryptominer
88.198.163.90	XMRig Monero Cryptominer
59.51.18.202	XMRig Monero Cryptominer
84.200.24.26	XMRig Monero Cryptominer
195.201.139.229	XMRig Monero Cryptominer
185.246.117.81	XMRig Monero Cryptominer
195.154.167.36	XMRig Monero Cryptominer
207.180.232.206	XMRig Monero Cryptominer
95.217.114.205	XMRig Monero Cryptominer
146.190.50.229	XMRig Monero Cryptominer
191.37.134.80	XMRig Monero Cryptominer
71.172.176.45	XMRig Monero Cryptominer
123.31.36.53	XMRig Monero Cryptominer
167.86.88.2	XMRig Monero Cryptominer
146.190.35.87	XMRig Monero Cryptominer
140.245.44.139	XMRig Monero Cryptominer
199.48.247.31	XMRig Monero Cryptominer
115.190.203.182	XMRig Monero Cryptominer
75.236.12.173	XMRig Monero Cryptominer
103.251.164.121	XMRig Monero Cryptominer
103.110.185.155	XMRig Monero Cryptominer
99.250.88.165	XMRig Monero Cryptominer
91.200.12.169	XMRig Monero Cryptominer
165.227.89.71	XMRig Monero Cryptominer
159.69.82.161	XMRig Monero Cryptominer
222.242.113.61	XMRig Monero Cryptominer
222.242.113.248	XMRig Monero Cryptominer
91.228.199.47	XMRig Monero Cryptominer
154.222.19.21	XMRig Monero Cryptominer
120.77.203.166	XMRig Monero Cryptominer
121.41.228.171	XMRig Monero Cryptominer
46.36.84.116	XMRig Monero Cryptominer
95.217.114.203	XMRig Monero Cryptominer
185.232.170.43	XMRig Monero Cryptominer
129.211.184.143	XMRig Monero Cryptominer
14.103.234.180	XMRig Monero Cryptominer
108.187.37.88	XMRig Monero Cryptominer
114.66.38.80	XMRig Monero Cryptominer
78.138.58.189	XMRig Monero Cryptominer
149.104.31.112	XMRig Monero Cryptominer
212.50.235.174	XMRig Monero Cryptominer
184.105.8.220	XtremeRAT Trojan
90.152.159.168	XtremeRAT Trojan
188.51.169.98	XtremeRAT Trojan
38.111.162.140	XtremeRAT Trojan
38.124.86.246	XtremeRAT Trojan
124.71.166.155	XtremeRAT Trojan
38.127.138.8	XtremeRAT Trojan
37.106.33.225	XtremeRAT Trojan
94.99.72.252	XtremeRAT Trojan
38.111.162.54	XtremeRAT Trojan
47.254.251.87	XtremeRAT Trojan
184.105.8.58	XtremeRAT Trojan
38.48.0.53	XtremeRAT Trojan
66.135.2.31	XtremeRAT Trojan
94.96.159.91	XtremeRAT Trojan
90.152.137.179	XtremeRAT Trojan
94.96.188.166	XtremeRAT Trojan
184.105.8.193	XtremeRAT Trojan
184.105.8.209	XtremeRAT Trojan
38.175.114.135	XtremeRAT Trojan
217.76.162.101	XtremeRAT Trojan
94.96.171.151	XtremeRAT Trojan
38.111.162.218	XtremeRAT Trojan
149.12.67.33	XtremeRAT Trojan
38.127.138.55	XtremeRAT Trojan
106.54.102.213	XtremeRAT Trojan
45.84.0.173	XtremeRAT Trojan
188.50.157.239	XtremeRAT Trojan
102.130.49.192	XtremeRAT Trojan
188.212.158.72	njRAT Trojan
94.110.100.214	njRAT Trojan
188.212.158.97	njRAT Trojan
