pulse_id	created	name	tags	ipv4_count
6936d0818958dd08d8a41fde	2025-12-08T13:20:01.633000	OSINT Volley 2025-12-08 - Unknown Stealer/Cobalt Strike/Formbook		13
6936ccfc977f48920804aa2d	2025-12-08T13:05:00.528000	ThreatFox Hunt: Cobalt Strike IOCs - 2025-12-08		10
6936c7a156e44faf8fccd41d	2025-12-08T12:42:09.354000	BlindEagle		1
6936c27244a513f0c95490b8	2025-12-08T12:20:02.428000	OSINT Volley 2025-12-08 - Unknown Stealer/Cobalt Strike/Formbook		12
6936c13cd1366ab2777e19e6	2025-12-08T12:14:52.109000	BlindEagle		3
6936c0caaf52a19ff8a9a931	2025-12-08T12:12:58.996000	GuardZoo		2
6936c0c979c02502806ddbd9	2025-12-08T12:12:57.798000	DesertDexter		2
6936c0c9af52a19ff8a9a930	2025-12-08T12:12:57.140000	APT36		2
6936c0bc87f4ba236c5d5611	2025-12-08T12:12:44.886000	Storm-2603		1
6936bef001756340f5307a55	2025-12-08T12:05:04.809000	ThreatFox Hunt: Unknown malware IOCs - 2025-12-08		8
6936beef1c8dd608c4d36d8a	2025-12-08T12:05:03.370000	ThreatFox Hunt: AsyncRAT IOCs - 2025-12-08		5
6936beed15e6460bb1a98c6c	2025-12-08T12:05:01.419000	ThreatFox Hunt: Cobalt Strike IOCs - 2025-12-08		11
6936b9a2d4b4aac314940126	2025-12-08T11:42:26.315000	Railnet		1
6936b46195009162774c555b	2025-12-08T11:20:01.582000	OSINT Volley 2025-12-08 - Unknown Stealer/Cobalt Strike/Unknown malware		108
6936a651092d3c3dd81707d9	2025-12-08T10:20:01.564000	OSINT Volley 2025-12-08 - Unknown Stealer/Cobalt Strike/Unknown malware		104
693694bfa5fa41cdc575a63b	2025-12-08T09:05:03.918000	ThreatFox Hunt: Meterpreter IOCs - 2025-12-08		23
693694bef996d6e004007fe0	2025-12-08T09:05:02.501000	ThreatFox Hunt: Vidar IOCs - 2025-12-08		4
693694bc7c408182941fbe4d	2025-12-08T09:05:00.979000	ThreatFox Hunt: Cobalt Strike IOCs - 2025-12-08		23
6936e91eb9d28a3aad66927d	2025-12-08T15:05:02.444000	ThreatFox Hunt: Unknown malware IOCs - 2025-12-08		77
6936e91cc585f01096d87c2c	2025-12-08T15:05:00.989000	ThreatFox Hunt: Cobalt Strike IOCs - 2025-12-08		16
6936eca2d0d7279b67de7c39	2025-12-08T15:20:02.241000	OSINT Volley 2025-12-08 - Unknown Stealer/Unknown malware/Cobalt Strike		93
6936fabc71255b5ef5a00665	2025-12-08T16:20:12.415000	OSINT Volley 2025-12-08 - Unknown Stealer/Unknown malware/Cobalt Strike		96
69370544ece4dfb03258b83c	2025-12-08T17:05:08.791000	ThreatFox Hunt: AsyncRAT IOCs - 2025-12-08		11
69370543b41c577ce38cdc1b	2025-12-08T17:05:07.352000	ThreatFox Hunt: Remcos IOCs - 2025-12-08		5
693705417ca3a9d870528058	2025-12-08T17:05:05.810000	ThreatFox Hunt: Meterpreter IOCs - 2025-12-08		28
6937054041aa182fc0fe0b87	2025-12-08T17:05:04.249000	ThreatFox Hunt: Vidar IOCs - 2025-12-08		6
6937053e1ac6e43994cea751	2025-12-08T17:05:02.649000	ThreatFox Hunt: Cobalt Strike IOCs - 2025-12-08		162
6937054cfd420c7395cfae4f	2025-12-08T17:05:16.421000	ThreatFox Hunt: Unknown malware IOCs - 2025-12-08		110
6937054a4f8793305e742ba5	2025-12-08T17:05:14.819000	ThreatFox Hunt: Stealc IOCs - 2025-12-08		40
69370549a005d6413831770c	2025-12-08T17:05:13.370000	ThreatFox Hunt: Sliver IOCs - 2025-12-08		16
69370547900f2ae006344adc	2025-12-08T17:05:11.904000	ThreatFox Hunt: DCRat IOCs - 2025-12-08		8
6937054669a47734ffeeb038	2025-12-08T17:05:10.374000	ThreatFox Hunt: XWorm IOCs - 2025-12-08		16
693708c172ad90c5c78a349c	2025-12-08T17:20:01.687000	OSINT Volley 2025-12-08 - Unknown Stealer/Unknown malware/Cobalt Strike		92
6937e9c113adb55c998341e8	2025-12-09T09:20:01.685000	OSINT Volley 2025-12-09 - Unknown Stealer/DCRat/Phorpiex		25
6937e63e1f9ca20f3a779310	2025-12-09T09:05:02.930000	ThreatFox Hunt: Vidar IOCs - 2025-12-09		8
6937dc263e6db964e9d17c1b	2025-12-09T08:21:58.939000	IOC - JS#SMUGGLER: Multi-Stage – Hidden iframes, Obfuscated JavaScript, Silent Redirectors & NetSupport RAT Delivery		8
6937dbb13e6db964e9d17c1a	2025-12-09T08:20:01.718000	OSINT Volley 2025-12-09 - Unknown Stealer/DCRat/Unknown malware		22
6937cda26e6243cd77c46adb	2025-12-09T07:20:01.997000	OSINT Volley 2025-12-09 - Unknown Stealer/DCRat/Unknown malware		11
6937ca21bb0c00de39ceea84	2025-12-09T07:05:05.026000	ThreatFox Hunt: Unknown malware IOCs - 2025-12-09		20
6937ca1fcec5fe4aacafd024	2025-12-09T07:05:03.329000	ThreatFox Hunt: DCRat IOCs - 2025-12-09		1
6937ca1d1a1bd3c25467ea2c	2025-12-09T07:05:01.014000	ThreatFox Hunt: AsyncRAT IOCs - 2025-12-09		3
6937bf9198f8ff90a7a43ed9	2025-12-09T06:20:01.955000	OSINT Volley 2025-12-09 - Unknown Stealer/Unknown malware/Formbook		26
6937b688e2a81d0c067c2749	2025-12-09T05:41:28.174000	IOC - APT-C-53（Gamaredon）利用CVE-2025-8088进行网络钓鱼攻击活动		2
6937b182131af74bedd14c20	2025-12-09T05:20:02.317000	OSINT Volley 2025-12-09 - Unknown Stealer/Unknown malware/Formbook		15
6937a371ea4fda89c56de6cf	2025-12-09T04:20:01.409000	OSINT Volley 2025-12-09 - Unknown Stealer/Unknown malware/Formbook		15
693799950789c504cc1b2b50	2025-12-09T03:37:57.313000	IOC - AI-Automated Threat Hunting Brings GhostPenguin Out of the Shadows		2
693795627db1e20c111449d3	2025-12-09T03:20:02.884000	OSINT Volley 2025-12-09 - Unknown Stealer/Unknown malware/Formbook		2
693791f1edb1c93b20f47351	2025-12-09T03:05:21.091000	ThreatFox Hunt: Unknown Stealer IOCs - 2025-12-09		1
693791efd01a414d29fd7f37	2025-12-09T03:05:19.230000	ThreatFox Hunt: Unknown malware IOCs - 2025-12-09		104
6937f7d361ed3699f7e227aa	2025-12-09T10:20:03.077000	OSINT Volley 2025-12-09 - Unknown Stealer/DCRat/Phorpiex		29
693805e23d28f508911f36ea	2025-12-09T11:20:02.553000	OSINT Volley 2025-12-09 - Unknown Stealer/DCRat/Phorpiex		42
